{
  "timestamp": "2026-06-16T21:59:29.607708",
  "models": {
    "seamless-m4t-v2-large": {
      "mean_wer": 45.404325340855664,
      "mean_cer": 22.433218548360134,
      "mean_bleu": 36.49014801603498,
      "total_samples": 863,
      "semantic_preservation_rate": 1.3904982618771726
    },
    "wav2vec2-1b-german-cv11": {
      "mean_wer": 70.67465914433474,
      "mean_cer": 29.462405135234533,
      "mean_bleu": 11.619508734042068,
      "total_samples": 863,
      "semantic_preservation_rate": 0.2317497103128621
    },
    "wav2vec2-german-with-lm": {
      "mean_wer": 69.66384579219557,
      "mean_cer": 30.59576744341547,
      "mean_bleu": 14.241520507205506,
      "total_samples": 863,
      "semantic_preservation_rate": 0.4634994206257242
    },
    "whisper-large-v3": {
      "mean_wer": 26.234132581100138,
      "mean_cer": 13.299455049981612,
      "mean_bleu": 57.82122061041365,
      "total_samples": 863,
      "semantic_preservation_rate": 0.9269988412514484
    },
    "whisper-large-v2": {
      "mean_wer": 24.97649271274095,
      "mean_cer": 12.182809000033433,
      "mean_bleu": 59.81086976175803,
      "total_samples": 863,
      "semantic_preservation_rate": 0.6952491309385863
    },
    "whisper-medium": {
      "mean_wer": 30.171603196991065,
      "mean_cer": 14.940991608438367,
      "mean_bleu": 52.06461066667823,
      "total_samples": 863,
      "semantic_preservation_rate": 0.6952491309385863
    },
    "whisper-large-v3-turbo": {
      "mean_wer": 27.856135401974612,
      "mean_cer": 13.667212731102271,
      "mean_bleu": 55.15257061500132,
      "total_samples": 863,
      "semantic_preservation_rate": 1.2746234067207416
    }
  }
}