{
  "timestamp": "20251122_093301",
  "model_name": "wav2vec2-dutch",
  "experiment_type": null,
  "results": {
    "overall_wer": 99.26310356310356,
    "overall_cer": 58.60099928622412,
    "overall_bleu": 1.1640711360759435,
    "per_dialect_wer": {
      "BE": 99.23343323343323,
      "ZH": 99.38811188811188,
      "ZG": 98.18181818181817,
      "AG": 102.89377289377289,
      "SG": 93.91452991452992,
      "TG": 100.9920634920635,
      "GL": 92.85714285714286,
      "LU": 93.73219373219372,
      "SO": 100.0,
      "BL": 100.5952380952381,
      "NW": 130.0,
      "VS": 100.0,
      "GR": 92.3076923076923,
      "UR": 100.0
    },
    "per_dialect_cer": {
      "BE": 61.64856860809477,
      "ZH": 56.32183908045977,
      "ZG": 54.71698113207547,
      "AG": 62.749706227967096,
      "SG": 52.56410256410257,
      "TG": 51.19363395225464,
      "GL": 56.32183908045977,
      "LU": 49.65831435079727,
      "SO": 61.37339055793991,
      "BL": 61.57804459691252,
      "NW": 60.91954022988506,
      "VS": 78.04878048780488,
      "GR": 55.371900826446286,
      "UR": 60.74074074074074
    },
    "per_dialect_bleu": {
      "BE": 0.8010507904712143,
      "ZH": 1.7082842701806933,
      "ZG": 0.6699007141691561,
      "AG": 0.5216716138387545,
      "SG": 2.050848281282289,
      "TG": 1.0805441581231754,
      "GL": 2.4779853471705344,
      "LU": 2.2217474687357313,
      "SO": 0.0,
      "BL": 1.6327322145846703,
      "NW": 0.0,
      "VS": 0.0,
      "GR": 2.714105323516485,
      "UR": 0.0
    },
    "total_samples": 100,
    "failed_samples": 0,
    "samples": [
      {
        "audio_file": "3a0cb41b-31c1-4a11-bc9f-5b6836cf4c50.flac",
        "dialect": "BE",
        "reference": "Den Weg dazu sieht er im Dialog über die Glaubensinhalte.",
        "hypothesis": "dewaakte texcetim dialoge bekloopen zijn hout",
        "wer": 100.0,
        "cer": 61.40350877192983,
        "bleu": 0.0
      },
      {
        "audio_file": "d5c16201-7d8a-4a42-97f0-8ff2981007b3.flac",
        "dialect": "ZH",
        "reference": "Hier debütierte er in der Ekstraklasa.",
        "hypothesis": "tal tepetiert er ite extrok glas",
        "wer": 83.33333333333334,
        "cer": 50.0,
        "bleu": 6.870636427700047
      },
      {
        "audio_file": "08e6c960-942b-4294-9655-bd5142cfaf45.flac",
        "dialect": "BE",
        "reference": "Ebenfalls wird der Quellcode zur Anpassung an andere Computersysteme bereitgestellt.",
        "hypothesis": "apefou weerd de cracot toer apasiga ngei mteetem",
        "wer": 100.0,
        "cer": 65.47619047619048,
        "bleu": 0.0
      },
      {
        "audio_file": "f28b4689-83ab-4816-90de-0b4fe24a7edb.flac",
        "dialect": "ZG",
        "reference": "Fritz Holthoff ist der Großvater des zeitgenössischen deutschen Malers Jan Holthoff.",
        "hypothesis": "frits holthof is de grosvater van tge",
        "wer": 100.0,
        "cer": 61.904761904761905,
        "bleu": 0.0
      },
      {
        "audio_file": "9726619a-c734-4ca7-929f-e3f4c9300dd6.flac",
        "dialect": "AG",
        "reference": "Asylbewerber sind keine Kriminellen.",
        "hypothesis": "as ule bewerper in k m",
        "wer": 150.0,
        "cer": 61.111111111111114,
        "bleu": 0.0
      }
    ]
  }
}