{
  "timestamp": "20251201_204229",
  "model_name": "wav2vec2-german-1b-5gram",
  "experiment_type": null,
  "results": {
    "overall_wer": 81.28136540940713,
    "overall_cer": 35.30490000327322,
    "overall_bleu": 10.455298706811815,
    "per_dialect_wer": {
      "AG": 78.61144770866993,
      "TG": 79.95387945387945,
      "SO": 79.2110821277488,
      "FR": 76.26183340469056,
      "ZH": 76.9553960699794,
      "VS": 74.85514485514486,
      "LU": 84.7001636707519,
      "GR": 76.12244237244236,
      "NW": 75.0,
      "SH": 75.22893772893774,
      "SG": 78.4156002043933,
      "BL": 75.6324899380455,
      "ZG": 88.99331224331223,
      "UR": 91.07111407111408,
      "SZ": 81.25127958461292,
      "BE": 88.46201964428565,
      "GL": 67.36111111111111
    },
    "per_dialect_cer": {
      "AG": 32.542200786901894,
      "TG": 32.838920201720555,
      "SO": 34.65996908809892,
      "FR": 37.94326241134752,
      "ZH": 31.74359466461952,
      "VS": 32.996632996633,
      "LU": 35.173591348890156,
      "GR": 30.610021786492375,
      "NW": 10.0,
      "SH": 30.28169014084507,
      "SG": 33.7149326959366,
      "BL": 30.37682645475519,
      "ZG": 37.77272727272727,
      "UR": 43.71196754563895,
      "SZ": 38.28996282527881,
      "BE": 42.347293724780855,
      "GL": 16.27906976744186
    },
    "per_dialect_bleu": {
      "AG": 11.300922205239305,
      "TG": 9.917842356488496,
      "SO": 11.814484439457487,
      "FR": 10.979678703344835,
      "ZH": 11.888845101096628,
      "VS": 11.966891642798956,
      "LU": 9.861629099995628,
      "GR": 8.602760104485522,
      "NW": 17.965205598154213,
      "SH": 12.157385025150331,
      "SG": 11.534895224992972,
      "BL": 12.756988542755913,
      "ZG": 7.661386789443332,
      "UR": 5.209394602290023,
      "SZ": 10.835314363880531,
      "BE": 8.289436959615575,
      "GL": 16.828131917341263
    },
    "total_samples": 863,
    "failed_samples": 0,
    "samples": [
      {
        "audio_file": "8370c5fe-754e-4d88-86e8-37d15933334f.flac",
        "dialect": "BE",
        "reference": "Damit ergeben sich die Elemente einer Verfassung für eine europäische Föderation der Nationalstaaten.",
        "hypothesis": "Mit dam egab es echt Element vorde Fefancy fürn Europacheföderation vor der National Starte.",
        "wer": 100.0,
        "cer": 43.56435643564357,
        "bleu": 3.125190763972442
      },
      {
        "audio_file": "2d85162f-eaa8-4f8d-a7c0-926050f28e18.flac",
        "dialect": "AG",
        "reference": "Das könnte Tausenden von Menschen das Leben retten.",
        "hypothesis": "Das rent die Tusige for Manchas Labaretta.",
        "wer": 87.5,
        "cer": 49.01960784313725,
        "bleu": 5.795599612995366
      },
      {
        "audio_file": "0e43afec-03c5-49de-a163-c5ba8c364482.flac",
        "dialect": "BE",
        "reference": "An seiner Spitze steht ein Direktor.",
        "hypothesis": "Aus iede Spitze steht der Director.",
        "wer": 66.66666666666666,
        "cer": 27.77777777777778,
        "bleu": 14.535768424205482
      },
      {
        "audio_file": "42ba1159-1c4f-490a-b0c2-965807c800dc.flac",
        "dialect": "TG",
        "reference": "Dieses Kräftemessen war eine der Ursachen für die Resignation seines Nachfolgers Burchard.",
        "hypothesis": "Das reifte Messe IgenorSarxi für Resignation vor sim Nachfolger Burard.",
        "wer": 91.66666666666666,
        "cer": 43.333333333333336,
        "bleu": 4.112362514034741
      },
      {
        "audio_file": "d3535ea7-e4cc-40b9-8e56-88ce68bdac27.flac",
        "dialect": "BE",
        "reference": "Linssen wuchs in Wachtendonk auf.",
        "hypothesis": "Tlissen isch i wachten donk uf garse.",
        "wer": 140.0,
        "cer": 42.42424242424242,
        "bleu": 5.522397783539471
      }
    ]
  }
}