{
  "timestamp": "20251201_205743",
  "model_name": "wav2vec2-european-300m",
  "experiment_type": null,
  "results": {
    "overall_wer": 88.53858417879275,
    "overall_cer": 36.208307420379036,
    "overall_bleu": 7.089516241546009,
    "per_dialect_wer": {
      "AG": 85.32830595330596,
      "TG": 87.25559440559441,
      "SO": 88.51576664076664,
      "FR": 88.19335426478283,
      "ZH": 85.16077094202095,
      "VS": 91.59423909423909,
      "LU": 91.75763778704955,
      "GR": 80.36556036556037,
      "NW": 150.0,
      "SH": 69.29945054945055,
      "SG": 85.67728966435863,
      "BL": 88.5853960853961,
      "ZG": 93.42524142524142,
      "UR": 96.33078033078033,
      "SZ": 93.38867922201256,
      "BE": 93.14746692825511,
      "GL": 69.30555555555556
    },
    "per_dialect_cer": {
      "AG": 33.58294199771545,
      "TG": 32.6312666864432,
      "SO": 37.90571870170015,
      "FR": 40.60283687943262,
      "ZH": 33.75875635735534,
      "VS": 36.61616161616162,
      "LU": 35.2589641434263,
      "GR": 31.808278867102395,
      "NW": 35.0,
      "SH": 27.816901408450708,
      "SG": 34.80940998867782,
      "BL": 34.45270443476032,
      "ZG": 38.13636363636363,
      "UR": 39.85801217038539,
      "SZ": 41.44981412639405,
      "BE": 41.435925977459306,
      "GL": 17.829457364341085
    },
    "per_dialect_bleu": {
      "AG": 7.7011263372435526,
      "TG": 7.324453399073194,
      "SO": 7.097030840993953,
      "FR": 5.251930116798569,
      "ZH": 7.773561986361792,
      "VS": 5.847658745708181,
      "LU": 7.212372975788022,
      "GR": 7.655974050466754,
      "NW": 6.567274736060395,
      "SH": 7.93396326795363,
      "SG": 7.930373524167782,
      "BL": 6.903786397446192,
      "ZG": 6.23810906892914,
      "UR": 5.314847878609965,
      "SZ": 6.300142481456747,
      "BE": 6.092547539948202,
      "GL": 9.69340010631529
    },
    "total_samples": 863,
    "failed_samples": 0,
    "samples": [
      {
        "audio_file": "8370c5fe-754e-4d88-86e8-37d15933334f.flac",
        "dialect": "BE",
        "reference": "Damit ergeben sich die Elemente einer Verfassung für eine europäische Föderation der Nationalstaaten.",
        "hypothesis": "Mettam erkab esecht element vor het verfastsig f ene Europäische federation vor de national staate.",
        "wer": 107.6923076923077,
        "cer": 36.633663366336634,
        "bleu": 2.908317710573758
      },
      {
        "audio_file": "2d85162f-eaa8-4f8d-a7c0-926050f28e18.flac",
        "dialect": "AG",
        "reference": "Das könnte Tausenden von Menschen das Leben retten.",
        "hypothesis": "Das rent i dusige vor manches Labarette.",
        "wer": 87.5,
        "cer": 45.09803921568628,
        "bleu": 5.795599612995366
      },
      {
        "audio_file": "0e43afec-03c5-49de-a163-c5ba8c364482.flac",
        "dialect": "BE",
        "reference": "An seiner Spitze steht ein Direktor.",
        "hypothesis": "As iere spitze stei e direkt dor.",
        "wer": 100.0,
        "cer": 30.555555555555557,
        "bleu": 6.567274736060396
      },
      {
        "audio_file": "42ba1159-1c4f-490a-b0c2-965807c800dc.flac",
        "dialect": "TG",
        "reference": "Dieses Kräftemessen war eine der Ursachen für die Resignation seines Nachfolgers Burchard.",
        "hypothesis": "Das reiftdemesse isinorsachkie für dresignation wo sin nachfolger Bucat.",
        "wer": 91.66666666666666,
        "cer": 42.22222222222222,
        "bleu": 3.696719741302181
      },
      {
        "audio_file": "d3535ea7-e4cc-40b9-8e56-88ce68bdac27.flac",
        "dialect": "BE",
        "reference": "Linssen wuchs in Wachtendonk auf.",
        "hypothesis": "Dlisen is i wachtendonk ofgase.",
        "wer": 80.0,
        "cer": 39.39393939393939,
        "bleu": 9.652434877402245
      }
    ]
  }
}