{
  "timestamp": "20251201_203439",
  "model_name": "wav2vec2-german",
  "experiment_type": null,
  "results": {
    "overall_wer": 77.95314605569531,
    "overall_cer": 32.61922686655102,
    "overall_bleu": 10.63607783840893,
    "per_dialect_wer": {
      "AG": 75.0726562532118,
      "TG": 74.15949050949051,
      "SO": 77.86879016045683,
      "FR": 74.93974279688565,
      "ZH": 74.37043088084755,
      "VS": 73.69204325086677,
      "LU": 78.65157173980704,
      "GR": 65.90969215969217,
      "NW": 75.0,
      "SH": 69.41391941391942,
      "SG": 76.50817094782613,
      "BL": 73.73109914776582,
      "ZG": 83.02256077256078,
      "UR": 84.43460243460244,
      "SZ": 79.97662830996165,
      "BE": 85.17849282627607,
      "GL": 64.72222222222221
    },
    "per_dialect_cer": {
      "AG": 30.270338875491813,
      "TG": 29.249480866211808,
      "SO": 33.38485316846986,
      "FR": 37.765957446808514,
      "ZH": 29.334996641397176,
      "VS": 31.060606060606062,
      "LU": 32.043255549231645,
      "GR": 28.21350762527233,
      "NW": 17.5,
      "SH": 28.52112676056338,
      "SG": 31.777582085796958,
      "BL": 29.889771853370927,
      "ZG": 34.409090909090914,
      "UR": 37.52535496957404,
      "SZ": 35.87360594795539,
      "BE": 38.36092945596216,
      "GL": 14.987080103359174
    },
    "per_dialect_bleu": {
      "AG": 11.080548423620355,
      "TG": 11.817368926248225,
      "SO": 11.14798086698489,
      "FR": 8.680155831338121,
      "ZH": 12.701359281478329,
      "VS": 10.779119527207712,
      "LU": 11.490924095880585,
      "GR": 11.785698969503668,
      "NW": 21.3643503198117,
      "SH": 12.22393432079293,
      "SG": 10.69227206834813,
      "BL": 11.718840324512698,
      "ZG": 10.917359140920341,
      "UR": 7.754274974926504,
      "SZ": 11.49754858383239,
      "BE": 7.782215715156149,
      "GL": 19.848193349260118
    },
    "total_samples": 863,
    "failed_samples": 0,
    "samples": [
      {
        "audio_file": "8370c5fe-754e-4d88-86e8-37d15933334f.flac",
        "dialect": "BE",
        "reference": "Damit ergeben sich die Elemente einer Verfassung für eine europäische Föderation der Nationalstaaten.",
        "hypothesis": "mit danm egab er seih element vor der verfassig für eine europäische föderation vor der nationalstaate",
        "wer": 84.61538461538461,
        "cer": 29.7029702970297,
        "bleu": 16.188613565728215
      },
      {
        "audio_file": "2d85162f-eaa8-4f8d-a7c0-926050f28e18.flac",
        "dialect": "AG",
        "reference": "Das könnte Tausenden von Menschen das Leben retten.",
        "hypothesis": "das räunt die dusiger von manches labaretter",
        "wer": 87.5,
        "cer": 47.05882352941176,
        "bleu": 5.8689248188165335
      },
      {
        "audio_file": "0e43afec-03c5-49de-a163-c5ba8c364482.flac",
        "dialect": "BE",
        "reference": "An seiner Spitze steht ein Direktor.",
        "hypothesis": "aus ihrer spitze steht der direktor",
        "wer": 66.66666666666666,
        "cer": 25.0,
        "bleu": 15.207218222740094
      },
      {
        "audio_file": "42ba1159-1c4f-490a-b0c2-965807c800dc.flac",
        "dialect": "TG",
        "reference": "Dieses Kräftemessen war eine der Ursachen für die Resignation seines Nachfolgers Burchard.",
        "hypothesis": "das reifte messe igenoursachxy für dresignation wos im nachfolger burchart",
        "wer": 91.66666666666666,
        "cer": 37.77777777777778,
        "bleu": 3.1085583786586426
      },
      {
        "audio_file": "d3535ea7-e4cc-40b9-8e56-88ce68bdac27.flac",
        "dialect": "BE",
        "reference": "Linssen wuchs in Wachtendonk auf.",
        "hypothesis": "tlissen ich ihr warten donk ufguarse",
        "wer": 120.0,
        "cer": 51.515151515151516,
        "bleu": 0.0
      }
    ]
  }
}