{
  "timestamp": "20251201_204948",
  "model_name": "wav2vec2-german-300m",
  "experiment_type": null,
  "results": {
    "overall_wer": 78.97909062741044,
    "overall_cer": 32.092239206572614,
    "overall_bleu": 10.481517707479894,
    "per_dialect_wer": {
      "AG": 75.90412159856605,
      "TG": 76.5860361860362,
      "SO": 78.20946800113467,
      "FR": 78.73792873792874,
      "ZH": 75.08639894056562,
      "VS": 79.65475700769818,
      "LU": 80.78280107691872,
      "GR": 74.3097643097643,
      "NW": 75.0,
      "SH": 71.65750915750915,
      "SG": 78.39441927803998,
      "BL": 78.45761234650124,
      "ZG": 83.88167388167388,
      "UR": 77.28549228549228,
      "SZ": 78.94488227821562,
      "BE": 84.23034136088323,
      "GL": 68.33333333333333
    },
    "per_dialect_cer": {
      "AG": 29.826120065998225,
      "TG": 28.834173835657072,
      "SO": 32.727975270479135,
      "FR": 35.638297872340424,
      "ZH": 29.35418865751847,
      "VS": 31.313131313131315,
      "LU": 30.819578827546955,
      "GR": 27.01525054466231,
      "NW": 15.0,
      "SH": 29.577464788732392,
      "SG": 31.8530632783998,
      "BL": 29.402717251986672,
      "ZG": 34.27272727272727,
      "UR": 34.17849898580121,
      "SZ": 34.75836431226766,
      "BE": 37.39390566300264,
      "GL": 14.21188630490956
    },
    "per_dialect_bleu": {
      "AG": 11.745688764586717,
      "TG": 10.1471870469566,
      "SO": 12.42046239223697,
      "FR": 9.193376175592718,
      "ZH": 11.151164478340247,
      "VS": 9.757473259288158,
      "LU": 11.521715995078798,
      "GR": 10.229127681314283,
      "NW": 17.965205598154213,
      "SH": 10.273374663546246,
      "SG": 10.853871780671888,
      "BL": 10.623879306395757,
      "ZG": 8.3724951494271,
      "UR": 8.622247931189376,
      "SZ": 13.187769990926963,
      "BE": 8.911066902147711,
      "GL": 12.70359786799277
    },
    "total_samples": 863,
    "failed_samples": 0,
    "samples": [
      {
        "audio_file": "8370c5fe-754e-4d88-86e8-37d15933334f.flac",
        "dialect": "BE",
        "reference": "Damit ergeben sich die Elemente einer Verfassung für eine europäische Föderation der Nationalstaaten.",
        "hypothesis": "Mitdam ergab es ech Element vor der Verfasstsich für ine europäische Föderation vor den Nationalstaate.",
        "wer": 92.3076923076923,
        "cer": 31.683168316831683,
        "bleu": 6.150343144231885
      },
      {
        "audio_file": "2d85162f-eaa8-4f8d-a7c0-926050f28e18.flac",
        "dialect": "AG",
        "reference": "Das könnte Tausenden von Menschen das Leben retten.",
        "hypothesis": "Das rent di Dusige vor manchesLabarete.",
        "wer": 87.5,
        "cer": 50.98039215686274,
        "bleu": 5.8689248188165335
      },
      {
        "audio_file": "0e43afec-03c5-49de-a163-c5ba8c364482.flac",
        "dialect": "BE",
        "reference": "An seiner Spitze steht ein Direktor.",
        "hypothesis": "Aus ihre Spitze stelt er Direkt dor.",
        "wer": 100.0,
        "cer": 30.555555555555557,
        "bleu": 6.567274736060396
      },
      {
        "audio_file": "42ba1159-1c4f-490a-b0c2-965807c800dc.flac",
        "dialect": "TG",
        "reference": "Dieses Kräftemessen war eine der Ursachen für die Resignation seines Nachfolgers Burchard.",
        "hypothesis": "Das Reftemesse isenursacksi für DResignation vo im Nachfolger Burcart.",
        "wer": 91.66666666666666,
        "cer": 36.666666666666664,
        "bleu": 3.696719741302181
      },
      {
        "audio_file": "d3535ea7-e4cc-40b9-8e56-88ce68bdac27.flac",
        "dialect": "BE",
        "reference": "Linssen wuchs in Wachtendonk auf.",
        "hypothesis": "Dlissen ich i wachtendonk ufguarse.",
        "wer": 80.0,
        "cer": 39.39393939393939,
        "bleu": 9.652434877402245
      }
    ]
  }
}