dialect,wer,cer,bleu
BE,115.0,62.4113475177305,0.0
ZH,100.0,44.73684210526316,7.809849842300637
OVERALL,110.0,58.659217877094974,2.603283280766879
