{
  "timestamp": "20251106_182707",
  "model_name": "whisper-tiny",
  "results": {
    "overall_wer": 98.31258556258555,
    "overall_cer": 57.51445086705203,
    "overall_bleu": 8.13,
    "per_dialect_wer": {
      "BE": 131.07142857142856,
      "ZH": 65.20833333333334,
      "ZG": 75.25252525252526,
      "AG": 119.36363636363635,
      "SG": 86.22222222222223,
      "TG": 61.53846153846154,
      "GL": 100.0,
      "LU": 100.0,
      "SO": 50.0,
      "BL": 100.0
    },
    "per_dialect_cer": {
      "BE": 82.43451463790447,
      "ZH": 27.63819095477387,
      "ZG": 28.749999999999996,
      "AG": 65.57971014492753,
      "SG": 47.94117647058824,
      "TG": 25.287356321839084,
      "GL": 88.50574712643679,
      "LU": 41.02564102564102,
      "SO": 38.35616438356164,
      "BL": 46.236559139784944
    },
    "per_dialect_bleu": {
      "BE": 5.88,
      "ZH": 17.28,
      "ZG": 6.87,
      "AG": 3.43,
      "SG": 6.6,
      "TG": 4.13,
      "GL": 0.26,
      "LU": 10.68,
      "SO": 13.24,
      "BL": 22.45
    },
    "total_samples": 30,
    "failed_samples": 0
  }
}