{
  "timestamp": "20251106_182811",
  "model_name": "whisper-base",
  "results": {
    "overall_wer": 61.70372220372221,
    "overall_cer": 27.45664739884393,
    "overall_bleu": 19.0,
    "per_dialect_wer": {
      "BE": 64.55988455988457,
      "ZH": 38.33333333333333,
      "ZG": 71.71717171717171,
      "AG": 80.21212121212122,
      "SG": 64.020202020202,
      "TG": 53.84615384615385,
      "GL": 78.57142857142857,
      "LU": 50.0,
      "SO": 45.714285714285715,
      "BL": 42.857142857142854
    },
    "per_dialect_cer": {
      "BE": 26.040061633281976,
      "ZH": 22.110552763819097,
      "ZG": 26.875,
      "AG": 38.768115942028984,
      "SG": 32.94117647058823,
      "TG": 22.988505747126435,
      "GL": 24.137931034482758,
      "LU": 5.128205128205128,
      "SO": 21.91780821917808,
      "BL": 21.50537634408602
    },
    "per_dialect_bleu": {
      "BE": 18.32,
      "ZH": 28.13,
      "ZG": 6.92,
      "AG": 11.38,
      "SG": 17.38,
      "TG": 7.25,
      "GL": 10.57,
      "LU": 23.64,
      "SO": 34.49,
      "BL": 42.95
    },
    "total_samples": 30,
    "failed_samples": 0
  }
}