{
  "timestamp": "20251113_211510",
  "model_name": "whisper-small",
  "results": {
    "overall_wer": 45.94839604839606,
    "overall_cer": 19.22912205567452,
    "overall_bleu": 34.80020664803254,
    "per_dialect_wer": {
      "BE": 45.532134532134535,
      "ZH": 39.53677275105847,
      "ZG": 43.88888888888889,
      "AG": 40.04462204462205,
      "SG": 47.485014985014985,
      "TG": 51.14570614570615,
      "GL": 42.857142857142854,
      "LU": 35.78347578347579,
      "SO": 26.580086580086583,
      "BL": 59.82323232323232,
      "NW": 80.0,
      "VS": 66.25,
      "GR": 81.53846153846153,
      "UR": 54.861111111111114
    },
    "per_dialect_cer": {
      "BE": 17.226061204343534,
      "ZH": 18.39080459770115,
      "ZG": 11.05121293800539,
      "AG": 17.62632197414806,
      "SG": 26.923076923076923,
      "TG": 19.893899204244033,
      "GL": 13.793103448275861,
      "LU": 13.895216400911162,
      "SO": 7.725321888412018,
      "BL": 28.30188679245283,
      "NW": 31.03448275862069,
      "VS": 26.82926829268293,
      "GR": 28.92561983471074,
      "UR": 23.703703703703706
    },
    "per_dialect_bleu": {
      "BE": 34.50951247022923,
      "ZH": 39.63596689107411,
      "ZG": 36.83991637976237,
      "AG": 38.275111906543096,
      "SG": 27.385085663738,
      "TG": 24.171008603556473,
      "GL": 44.05136963304349,
      "LU": 44.17780621616446,
      "SO": 46.34311827357737,
      "BL": 33.69384983138521,
      "NW": 10.390302174233558,
      "VS": 12.485603175292674,
      "GR": 34.85996012018029,
      "UR": 31.19817932489344
    },
    "total_samples": 100,
    "failed_samples": 0,
    "samples": [
      {
        "audio_file": "3a0cb41b-31c1-4a11-bc9f-5b6836cf4c50.flac",
        "dialect": "BE",
        "reference": "Den Weg dazu sieht er im Dialog über die Glaubensinhalte.",
        "hypothesis": " durch den Weg der Zukunft, der im Dialog überglauben sind.",
        "wer": 70.0,
        "cer": 47.368421052631575,
        "bleu": 10.127993013562818
      },
      {
        "audio_file": "d5c16201-7d8a-4a42-97f0-8ff2981007b3.flac",
        "dialect": "ZH",
        "reference": "Hier debütierte er in der Ekstraklasa.",
        "hypothesis": " Da debattiert er in der Extraklasse.",
        "wer": 50.0,
        "cer": 28.947368421052634,
        "bleu": 26.269098944241588
      },
      {
        "audio_file": "08e6c960-942b-4294-9655-bd5142cfaf45.flac",
        "dialect": "BE",
        "reference": "Ebenfalls wird der Quellcode zur Anpassung an andere Computersysteme bereitgestellt.",
        "hypothesis": " Ebenfalls wird der Quellgott zur Anpassung an andere Computersystemen bereitgestellt.",
        "wer": 20.0,
        "cer": 4.761904761904762,
        "bleu": 37.81790427652475
      },
      {
        "audio_file": "f28b4689-83ab-4816-90de-0b4fe24a7edb.flac",
        "dialect": "ZG",
        "reference": "Fritz Holthoff ist der Großvater des zeitgenössischen deutschen Malers Jan Holthoff.",
        "hypothesis": " Fritz Holthof ist der Grossvater vom Zitgenöseschädtischen Maler Jan Holthof.",
        "wer": 63.63636363636363,
        "cer": 20.238095238095237,
        "bleu": 8.606119900909883
      },
      {
        "audio_file": "9726619a-c734-4ca7-929f-e3f4c9300dd6.flac",
        "dialect": "AG",
        "reference": "Asylbewerber sind keine Kriminellen.",
        "hypothesis": " Asylbewerber sind keine Kriminelle.",
        "wer": 25.0,
        "cer": 2.7777777777777777,
        "bleu": 42.72870063962342
      }
    ]
  }
}