{
  "timestamp": "20251113_214205",
  "model_name": "whisper-large-v3-turbo",
  "results": {
    "overall_wer": 34.83885003885005,
    "overall_cer": 13.390435403283368,
    "overall_bleu": 47.29886570137294,
    "per_dialect_wer": {
      "BE": 30.02690642690642,
      "ZH": 35.69210551353409,
      "ZG": 22.424242424242426,
      "AG": 36.35664335664335,
      "SG": 35.46714396714397,
      "TG": 37.45624745624746,
      "GL": 35.714285714285715,
      "LU": 21.980056980056982,
      "SO": 23.852813852813853,
      "BL": 45.24981962481963,
      "NW": 70.0,
      "VS": 61.25,
      "GR": 65.38461538461539,
      "UR": 36.111111111111114
    },
    "per_dialect_cer": {
      "BE": 11.25370187561698,
      "ZH": 16.436781609195403,
      "ZG": 4.0431266846361185,
      "AG": 13.748531139835487,
      "SG": 14.529914529914532,
      "TG": 13.262599469496022,
      "GL": 11.494252873563218,
      "LU": 8.200455580865604,
      "SO": 6.866952789699571,
      "BL": 21.440823327615778,
      "NW": 31.03448275862069,
      "VS": 18.69918699186992,
      "GR": 23.96694214876033,
      "UR": 12.592592592592592
    },
    "per_dialect_bleu": {
      "BE": 52.87006622749207,
      "ZH": 43.49882254192509,
      "ZG": 59.309608046850414,
      "AG": 49.972238496373635,
      "SG": 44.477560589807595,
      "TG": 41.00479882411019,
      "GL": 50.95172447616117,
      "LU": 64.3881053608729,
      "SO": 44.50226354405567,
      "BL": 40.60594633985474,
      "NW": 8.450310992782928,
      "VS": 14.29090175585932,
      "GR": 28.74544935801139,
      "UR": 36.028825563761174
    },
    "total_samples": 100,
    "failed_samples": 0,
    "samples": [
      {
        "audio_file": "3a0cb41b-31c1-4a11-bc9f-5b6836cf4c50.flac",
        "dialect": "BE",
        "reference": "Den Weg dazu sieht er im Dialog über die Glaubensinhalte.",
        "hypothesis": " Und den Weg dazu sieht er im Dialog über Glaubensinhalt.",
        "wer": 30.0,
        "cer": 15.789473684210526,
        "bleu": 69.89307622784945
      },
      {
        "audio_file": "d5c16201-7d8a-4a42-97f0-8ff2981007b3.flac",
        "dialect": "ZH",
        "reference": "Hier debütierte er in der Ekstraklasa.",
        "hypothesis": " Hier debittiert er in der Extra-Klasse.",
        "wer": 33.33333333333333,
        "cer": 21.052631578947366,
        "bleu": 27.77619034011791
      },
      {
        "audio_file": "08e6c960-942b-4294-9655-bd5142cfaf45.flac",
        "dialect": "BE",
        "reference": "Ebenfalls wird der Quellcode zur Anpassung an andere Computersysteme bereitgestellt.",
        "hypothesis": " Ebenfalls wird der Quellcode zur Anpassung an andere Computersysteme bereitgestellt.",
        "wer": 0.0,
        "cer": 0.0,
        "bleu": 100.00000000000004
      },
      {
        "audio_file": "f28b4689-83ab-4816-90de-0b4fe24a7edb.flac",
        "dialect": "ZG",
        "reference": "Fritz Holthoff ist der Großvater des zeitgenössischen deutschen Malers Jan Holthoff.",
        "hypothesis": " Fritz Holthoff ist der Grossvater des zeitgenössischen deutschen Malers Jan Holthoff.",
        "wer": 9.090909090909092,
        "cer": 2.380952380952381,
        "bleu": 73.48889200874659
      },
      {
        "audio_file": "9726619a-c734-4ca7-929f-e3f4c9300dd6.flac",
        "dialect": "AG",
        "reference": "Asylbewerber sind keine Kriminellen.",
        "hypothesis": " Asylbewerber sind keine Kriminelle.",
        "wer": 25.0,
        "cer": 2.7777777777777777,
        "bleu": 42.72870063962342
      }
    ]
  }
}