{
  "timestamp": "20251113_121402",
  "model_name": "wav2vec2-xlsr-multi",
  "results": {
    "overall_wer": 84.23111888111889,
    "overall_cer": 35.574589578872235,
    "overall_bleu": 6.397204367936491,
    "per_dialect_wer": {
      "BE": 89.2088245088245,
      "ZH": 82.51712573141144,
      "ZG": 85.9090909090909,
      "AG": 86.1068931068931,
      "SG": 75.75208125208125,
      "TG": 71.43467643467643,
      "GL": 64.28571428571429,
      "LU": 78.63247863247862,
      "SO": 85.54112554112555,
      "BL": 88.66973304473305,
      "NW": 100.0,
      "VS": 87.5,
      "GR": 88.46153846153847,
      "UR": 88.19444444444444
    },
    "per_dialect_cer": {
      "BE": 36.37709772951629,
      "ZH": 34.13793103448276,
      "ZG": 27.762803234501348,
      "AG": 38.77790834312573,
      "SG": 30.05698005698006,
      "TG": 31.03448275862069,
      "GL": 20.689655172413794,
      "LU": 29.38496583143508,
      "SO": 42.91845493562232,
      "BL": 44.59691252144082,
      "NW": 49.42528735632184,
      "VS": 29.268292682926827,
      "GR": 43.80165289256198,
      "UR": 42.96296296296296
    },
    "per_dialect_bleu": {
      "BE": 4.285347679488171,
      "ZH": 6.098853668917565,
      "ZG": 5.2381676425218355,
      "AG": 8.821076780633854,
      "SG": 9.96332484069296,
      "TG": 9.744565153686706,
      "GL": 22.11862500885864,
      "LU": 6.9796132293932045,
      "SO": 3.330999305899789,
      "BL": 4.205866243188731,
      "NW": 0.0,
      "VS": 5.162903789757797,
      "GR": 1.7158174139981897,
      "UR": 4.60074476724664
    },
    "total_samples": 100,
    "failed_samples": 0
  }
}