{
  "timestamp": "20251113_121115",
  "model_name": "wav2vec2-german",
  "results": {
    "overall_wer": 84.573248973249,
    "overall_cer": 48.394004282655246,
    "overall_bleu": 6.176164622779212,
    "per_dialect_wer": {
      "BE": 90.23190143190145,
      "ZH": 81.60494267637125,
      "ZG": 82.979797979798,
      "AG": 85.05150405150405,
      "SG": 73.88883338883339,
      "TG": 76.42043142043143,
      "GL": 85.71428571428571,
      "LU": 87.46438746438746,
      "SO": 95.23809523809524,
      "BL": 80.93163780663781,
      "NW": 100.0,
      "VS": 73.75,
      "GR": 96.15384615384616,
      "UR": 93.75
    },
    "per_dialect_cer": {
      "BE": 55.13326752221125,
      "ZH": 46.43678160919541,
      "ZG": 46.63072776280324,
      "AG": 47.47356051703878,
      "SG": 36.039886039886035,
      "TG": 34.217506631299734,
      "GL": 45.97701149425287,
      "LU": 41.91343963553531,
      "SO": 66.09442060085837,
      "BL": 53.17324185248714,
      "NW": 54.02298850574713,
      "VS": 43.08943089430895,
      "GR": 54.54545454545454,
      "UR": 41.48148148148148
    },
    "per_dialect_bleu": {
      "BE": 3.5675034930542795,
      "ZH": 7.423623771664438,
      "ZG": 6.95595390871515,
      "AG": 8.442993013353282,
      "SG": 12.75677125486279,
      "TG": 8.341241689729967,
      "GL": 2.3595365419339505,
      "LU": 2.8014722359034745,
      "SO": 1.3891526636579556,
      "BL": 5.076787341163923,
      "NW": 0.0,
      "VS": 6.828267112874947,
      "GR": 1.458247986226511,
      "UR": 2.4675789207681893
    },
    "total_samples": 100,
    "failed_samples": 0
  }
}