{
  "timestamp": "20251112_122047",
  "model_name": "whisper-large",
  "results": {
    "overall_wer": 30.3952380952381,
    "overall_cer": 11.991434689507495,
    "overall_bleu": 52.3853749517932,
    "per_dialect_wer": {
      "BE": 27.11921411921412,
      "ZH": 32.786261357689924,
      "ZG": 27.424242424242426,
      "AG": 21.71989121989122,
      "SG": 32.38716838716839,
      "TG": 32.73402523402523,
      "GL": 42.857142857142854,
      "LU": 19.031339031339034,
      "SO": 21.47186147186147,
      "BL": 44.673520923520925,
      "NW": 60.0,
      "VS": 45.0,
      "GR": 65.38461538461539,
      "UR": 29.86111111111111
    },
    "per_dialect_cer": {
      "BE": 10.16781836130306,
      "ZH": 14.482758620689657,
      "ZG": 4.31266846361186,
      "AG": 9.63572267920094,
      "SG": 15.242165242165242,
      "TG": 12.9973474801061,
      "GL": 16.091954022988507,
      "LU": 8.428246013667426,
      "SO": 5.150214592274678,
      "BL": 18.353344768439108,
      "NW": 28.735632183908045,
      "VS": 13.821138211382115,
      "GR": 22.31404958677686,
      "UR": 11.11111111111111
    },
    "per_dialect_bleu": {
      "BE": 57.374738965601324,
      "ZH": 45.360626484691075,
      "ZG": 53.44578878463424,
      "AG": 67.98425144627794,
      "SG": 45.9512134628571,
      "TG": 46.214486050390484,
      "GL": 37.88187210633423,
      "LU": 64.18419961143945,
      "SO": 49.778585190105595,
      "BL": 41.84940242453145,
      "NW": 8.73716785171588,
      "VS": 33.51262665744406,
      "GR": 33.1183620146017,
      "UR": 48.10564688400608
    },
    "total_samples": 100,
    "failed_samples": 0
  }
}