{
  "timestamp": "20251112_092817",
  "model_name": "whisper-large-v3-turbo",
  "results": {
    "overall_wer": 34.83885003885005,
    "overall_cer": 13.390435403283368,
    "overall_bleu": 47.29886570137294,
    "per_dialect_wer": {
      "BE": 30.02690642690642,
      "ZH": 35.69210551353409,
      "ZG": 22.424242424242426,
      "AG": 36.35664335664335,
      "SG": 35.46714396714397,
      "TG": 37.45624745624746,
      "GL": 35.714285714285715,
      "LU": 21.980056980056982,
      "SO": 23.852813852813853,
      "BL": 45.24981962481963,
      "NW": 70.0,
      "VS": 61.25,
      "GR": 65.38461538461539,
      "UR": 36.111111111111114
    },
    "per_dialect_cer": {
      "BE": 11.25370187561698,
      "ZH": 16.436781609195403,
      "ZG": 4.0431266846361185,
      "AG": 13.748531139835487,
      "SG": 14.529914529914532,
      "TG": 13.262599469496022,
      "GL": 11.494252873563218,
      "LU": 8.200455580865604,
      "SO": 6.866952789699571,
      "BL": 21.440823327615778,
      "NW": 31.03448275862069,
      "VS": 18.69918699186992,
      "GR": 23.96694214876033,
      "UR": 12.592592592592592
    },
    "per_dialect_bleu": {
      "BE": 52.87006622749207,
      "ZH": 43.49882254192509,
      "ZG": 59.309608046850414,
      "AG": 49.972238496373635,
      "SG": 44.477560589807595,
      "TG": 41.00479882411019,
      "GL": 50.95172447616117,
      "LU": 64.3881053608729,
      "SO": 44.50226354405567,
      "BL": 40.60594633985474,
      "NW": 8.450310992782928,
      "VS": 14.29090175585932,
      "GR": 28.74544935801139,
      "UR": 36.028825563761174
    },
    "total_samples": 100,
    "failed_samples": 0
  }
}