{
  "timestamp": "20251105_113238",
  "model_name": "wav2vec2-german",
  "results": {
    "overall_wer": 84.573248973249,
    "overall_cer": 48.394004282655246,
    "overall_bleu": 3.293248574712628,
    "per_dialect_wer": {
      "BE": 90.23190143190145,
      "ZH": 81.60494267637125,
      "ZG": 82.979797979798,
      "AG": 85.05150405150405,
      "SG": 73.88883338883339,
      "TG": 76.42043142043143,
      "GL": 85.71428571428571,
      "LU": 87.46438746438746,
      "SO": 95.23809523809524,
      "BL": 80.93163780663781,
      "NW": 100.0,
      "VS": 73.75,
      "GR": 96.15384615384616,
      "UR": 93.75
    },
    "per_dialect_cer": {
      "BE": 55.13326752221125,
      "ZH": 46.43678160919541,
      "ZG": 46.63072776280324,
      "AG": 47.47356051703878,
      "SG": 36.039886039886035,
      "TG": 34.217506631299734,
      "GL": 45.97701149425287,
      "LU": 41.91343963553531,
      "SO": 66.09442060085837,
      "BL": 53.17324185248714,
      "NW": 54.02298850574713,
      "VS": 43.08943089430895,
      "GR": 54.54545454545454,
      "UR": 41.48148148148148
    },
    "per_dialect_bleu": {
      "BE": 0.7312119218267733,
      "ZH": 5.06464401803903,
      "ZG": 6.684965111558791,
      "AG": 2.5564767307228493,
      "SG": 13.202184712372654,
      "TG": 3.1735819659724127,
      "GL": 2.3595365419339505,
      "LU": 1.700001610623326,
      "SO": 1.2191867738246058,
      "BL": 1.953655026502452,
      "NW": 0.0,
      "VS": 5.326598748809064,
      "GR": 2.256808758484561,
      "UR": 2.297342215551849
    },
    "total_samples": 100,
    "failed_samples": 0
  }
}