{
  "timestamp": "20251105_112726",
  "model_name": "whisper-medium",
  "results": {
    "overall_wer": 36.46327006327007,
    "overall_cer": 14.275517487508923,
    "overall_bleu": 48.68206152124571,
    "per_dialect_wer": {
      "BE": 33.452547452547456,
      "ZH": 35.82798154226725,
      "ZG": 28.03030303030303,
      "AG": 38.61149961149961,
      "SG": 35.23948273948274,
      "TG": 43.18274318274319,
      "GL": 35.714285714285715,
      "LU": 26.702279202279204,
      "SO": 26.580086580086583,
      "BL": 48.61832611832612,
      "NW": 50.0,
      "VS": 42.5,
      "GR": 65.38461538461539,
      "UR": 23.61111111111111
    },
    "per_dialect_cer": {
      "BE": 11.549851924975322,
      "ZH": 17.35632183908046,
      "ZG": 7.008086253369273,
      "AG": 15.276145710928319,
      "SG": 18.091168091168093,
      "TG": 15.384615384615385,
      "GL": 12.643678160919542,
      "LU": 9.79498861047836,
      "SO": 10.72961373390558,
      "BL": 20.06861063464837,
      "NW": 26.436781609195403,
      "VS": 13.821138211382115,
      "GR": 21.487603305785125,
      "UR": 8.88888888888889
    },
    "per_dialect_bleu": {
      "BE": 53.034388118816636,
      "ZH": 44.54439863801158,
      "ZG": 48.319874012169194,
      "AG": 49.81748868910812,
      "SG": 44.4012886969784,
      "TG": 42.923056935077916,
      "GL": 50.95172447616117,
      "LU": 56.713648283148856,
      "SO": 55.1744513911838,
      "BL": 44.44654121041742,
      "NW": 15.718877363021207,
      "VS": 28.997844147152072,
      "GR": 48.33740812513905,
      "UR": 51.33450480401703
    },
    "total_samples": 100,
    "failed_samples": 0
  }
}