{
  "timestamp": "20251106_191021",
  "model_name": "whisper-tiny",
  "results": {
    "overall_wer": 79.0932400932401,
    "overall_cer": 43.23529411764706,
    "overall_bleu": 8.5,
    "per_dialect_wer": {
      "BE": 85.0,
      "ZH": 66.66666666666667,
      "ZG": 72.72727272727273,
      "AG": 100.0,
      "SG": 83.33333333333334,
      "TG": 61.53846153846154
    },
    "per_dialect_cer": {
      "BE": 54.60750853242321,
      "ZH": 28.749999999999996,
      "ZG": 29.761904761904763,
      "AG": 88.88888888888889,
      "SG": 32.0,
      "TG": 25.287356321839084
    },
    "per_dialect_bleu": {
      "BE": 7.45,
      "ZH": 17.65,
      "ZG": 8.13,
      "AG": 0.0,
      "SG": 7.66,
      "TG": 4.13
    },
    "total_samples": 10,
    "failed_samples": 0
  }
}