dialect,wer,cer,bleu
BE,95.0,34.751773049645394,6.017783641319786
ZH,50.0,31.57894736842105,26.269098944241588
OVERALL,80.0,34.07821229050279,12.768222075627053
