{
  "timestamp": "20251108_211832",
  "model_name": "whisper-base",
  "results": {
    "overall_wer": 73.9090909090909,
    "overall_cer": 28.093645484949832,
    "overall_bleu": 13.0367274692867,
    "per_dialect_wer": {
      "BE": 95.0,
      "ZH": 50.0,
      "ZG": 54.54545454545454,
      "AG": 75.0
    },
    "per_dialect_cer": {
      "BE": 34.751773049645394,
      "ZH": 31.57894736842105,
      "ZG": 21.428571428571427,
      "AG": 13.88888888888889
    },
    "per_dialect_bleu": {
      "BE": 6.017783641319786,
      "ZH": 26.269098944241588,
      "ZG": 8.91376552139813,
      "AG": 17.965205598154213
    },
    "total_samples": 5,
    "failed_samples": 0
  }
}