{
  "timestamp": "2026-06-16T11:24:21.138227",
  "models": {
    "whisper-medium": {
      "mean_wer": 30.171603196991065,
      "mean_cer": 14.940991608438367,
      "mean_bleu": 51.51823041524126,
      "total_samples": 863,
      "semantic_preservation_rate": 0.6952491309385863
    },
    "wav2vec2-german-with-lm": {
      "mean_wer": 69.66384579219557,
      "mean_cer": 30.59576744341547,
      "mean_bleu": 16.28336336154841,
      "total_samples": 863,
      "semantic_preservation_rate": 0.4634994206257242
    },
    "whisper-large-v3-turbo": {
      "mean_wer": 27.856135401974612,
      "mean_cer": 13.667212731102271,
      "mean_bleu": 54.6284874275062,
      "total_samples": 863,
      "semantic_preservation_rate": 1.2746234067207416
    },
    "whisper-large-v3": {
      "mean_wer": 26.234132581100138,
      "mean_cer": 13.299455049981612,
      "mean_bleu": 56.921950329289075,
      "total_samples": 863,
      "semantic_preservation_rate": 0.9269988412514484
    },
    "whisper-large-v2": {
      "mean_wer": 24.97649271274095,
      "mean_cer": 12.182809000033433,
      "mean_bleu": 58.45543305754338,
      "total_samples": 863,
      "semantic_preservation_rate": 0.6952491309385863
    }
  }
}