{
  "timestamp": "20251114_085501",
  "model_name": "whisper-large-v2",
  "results": {
    "overall_wer": 32.42007992007993,
    "overall_cer": 12.676659528907924,
    "overall_bleu": 51.045116307571725,
    "per_dialect_wer": {
      "BE": 27.376356976356977,
      "ZH": 36.53412064126349,
      "ZG": 19.090909090909093,
      "AG": 26.27544677544677,
      "SG": 36.514152514152514,
      "TG": 34.122914122914125,
      "GL": 35.714285714285715,
      "LU": 26.11823361823362,
      "SO": 14.45887445887446,
      "BL": 46.191378066378064,
      "NW": 70.0,
      "VS": 50.0,
      "GR": 65.38461538461539,
      "UR": 40.27777777777778
    },
    "per_dialect_cer": {
      "BE": 9.328726554787758,
      "ZH": 16.32183908045977,
      "ZG": 3.7735849056603774,
      "AG": 12.220916568742656,
      "SG": 15.954415954415953,
      "TG": 13.262599469496022,
      "GL": 13.793103448275861,
      "LU": 9.111617312072893,
      "SO": 5.150214592274678,
      "BL": 19.210977701543737,
      "NW": 31.03448275862069,
      "VS": 15.447154471544716,
      "GR": 24.793388429752067,
      "UR": 18.51851851851852
    },
    "per_dialect_bleu": {
      "BE": 55.23953835632071,
      "ZH": 42.90814402726197,
      "ZG": 64.76469986085014,
      "AG": 65.47755361540887,
      "SG": 43.18519038620739,
      "TG": 43.31188811236501,
      "GL": 50.95172447616117,
      "LU": 57.160026185153875,
      "SO": 66.64925407755938,
      "BL": 44.82761844619095,
      "NW": 8.450310992782928,
      "VS": 16.7078492908802,
      "GR": 28.74544935801139,
      "UR": 36.63080985799297
    },
    "total_samples": 100,
    "failed_samples": 0,
    "samples": [
      {
        "audio_file": "3a0cb41b-31c1-4a11-bc9f-5b6836cf4c50.flac",
        "dialect": "BE",
        "reference": "Den Weg dazu sieht er im Dialog über die Glaubensinhalte.",
        "hypothesis": " Den Weg dazu seht ihr im Dialog über «Glauben ist Inhalt».",
        "wer": 50.0,
        "cer": 21.052631578947366,
        "bleu": 22.03359678996931
      },
      {
        "audio_file": "d5c16201-7d8a-4a42-97f0-8ff2981007b3.flac",
        "dialect": "ZH",
        "reference": "Hier debütierte er in der Ekstraklasa.",
        "hypothesis": " Hier debütiert er in der Extra-Klasse.",
        "wer": 33.33333333333333,
        "cer": 15.789473684210526,
        "bleu": 27.77619034011791
      },
      {
        "audio_file": "08e6c960-942b-4294-9655-bd5142cfaf45.flac",
        "dialect": "BE",
        "reference": "Ebenfalls wird der Quellcode zur Anpassung an andere Computersysteme bereitgestellt.",
        "hypothesis": " Ebenfalls wird der Quellcode zur Anpassung an andere Computersysteme bereitgestellt.",
        "wer": 0.0,
        "cer": 0.0,
        "bleu": 100.00000000000004
      },
      {
        "audio_file": "f28b4689-83ab-4816-90de-0b4fe24a7edb.flac",
        "dialect": "ZG",
        "reference": "Fritz Holthoff ist der Großvater des zeitgenössischen deutschen Malers Jan Holthoff.",
        "hypothesis": " Fritz Holthoff ist der Grossvater des zeitgenössischen deutschen Malers Jan Holthoff.",
        "wer": 9.090909090909092,
        "cer": 2.380952380952381,
        "bleu": 73.48889200874659
      },
      {
        "audio_file": "9726619a-c734-4ca7-929f-e3f4c9300dd6.flac",
        "dialect": "AG",
        "reference": "Asylbewerber sind keine Kriminellen.",
        "hypothesis": " Asylbewerber sind keine Kriminelle.",
        "wer": 25.0,
        "cer": 2.7777777777777777,
        "bleu": 42.72870063962342
      }
    ]
  }
}