{
  "timestamp": "20251130_115709",
  "model_name": "whisper-large-v3",
  "experiment_type": null,
  "results": {
    "overall_wer": 29.52939747261879,
    "overall_cer": 13.315439756472783,
    "overall_bleu": 56.27820391726185,
    "per_dialect_wer": {
      "TG": 28.665562215562215,
      "SH": 35.59981684981685,
      "ZG": 46.279942279942276,
      "GR": 17.1521534021534,
      "GL": 10.694444444444443,
      "AG": 27.925317994762437,
      "UR": 28.080993080993082,
      "BL": 27.883068577513022,
      "VS": 29.761023290435055,
      "SZ": 26.097328597328598,
      "FR": 34.4175665604237,
      "SG": 29.550408882305433,
      "SO": 34.83867983867984,
      "ZH": 25.014667045917047,
      "LU": 31.05921311803665,
      "BE": 31.685018593885587,
      "NW": 25.0
    },
    "per_dialect_cer": {
      "TG": 12.518540492435479,
      "SH": 14.788732394366196,
      "ZG": 19.90909090909091,
      "GR": 7.625272331154684,
      "GL": 1.8087855297157622,
      "AG": 12.70465795151669,
      "UR": 9.026369168356998,
      "BL": 12.689054088695206,
      "VS": 12.710437710437711,
      "SZ": 10.780669144981413,
      "FR": 17.19858156028369,
      "SG": 14.580450371115864,
      "SO": 15.842349304482225,
      "ZH": 10.75712503598503,
      "LU": 12.265224815025611,
      "BE": 14.894949213858355,
      "NW": 10.0
    },
    "per_dialect_bleu": {
      "TG": 56.94560060938686,
      "SH": 45.57249607884358,
      "ZG": 42.66670503724484,
      "GR": 63.676668237495285,
      "GL": 80.10664568586964,
      "AG": 57.82929058745197,
      "UR": 61.6586530210965,
      "BL": 55.168253313605916,
      "VS": 53.85631394465747,
      "SZ": 56.04120393847355,
      "FR": 43.9876419134294,
      "SG": 55.39216685957991,
      "SO": 57.328503395264356,
      "ZH": 60.088272349841155,
      "LU": 56.6215376338329,
      "BE": 54.338313861703355,
      "NW": 75.98356856515926
    },
    "total_samples": 863,
    "failed_samples": 0,
    "samples": [
      {
        "audio_file": "8370c5fe-754e-4d88-86e8-37d15933334f.flac",
        "dialect": "BE",
        "reference": "Damit ergeben sich die Elemente einer Verfassung für eine europäische Föderation der Nationalstaaten.",
        "hypothesis": " Mit dem ergeben sich die Elemente einer Verfassung für eine europäische Föderation der Nationalstaaten.",
        "wer": 15.384615384615385,
        "cer": 5.9405940594059405,
        "bleu": 85.07331335123524
      },
      {
        "audio_file": "2d85162f-eaa8-4f8d-a7c0-926050f28e18.flac",
        "dialect": "AG",
        "reference": "Das könnte Tausenden von Menschen das Leben retten.",
        "hypothesis": " Das könnte Tausende von Menschen das Leben retten.",
        "wer": 12.5,
        "cer": 1.9607843137254901,
        "bleu": 66.06328636027612
      },
      {
        "audio_file": "0e43afec-03c5-49de-a163-c5ba8c364482.flac",
        "dialect": "BE",
        "reference": "An seiner Spitze steht ein Direktor.",
        "hypothesis": " An seiner Spitze steht der Direktor.",
        "wer": 16.666666666666664,
        "cer": 8.333333333333332,
        "bleu": 48.892302243490086
      },
      {
        "audio_file": "42ba1159-1c4f-490a-b0c2-965807c800dc.flac",
        "dialect": "TG",
        "reference": "Dieses Kräftemessen war eine der Ursachen für die Resignation seines Nachfolgers Burchard.",
        "hypothesis": " Das Kräftemessen war eine Ursache für die Resignation von seinem Nachfolger Burkhard.",
        "wer": 58.333333333333336,
        "cer": 17.77777777777778,
        "bleu": 20.098339913206324
      },
      {
        "audio_file": "d3535ea7-e4cc-40b9-8e56-88ce68bdac27.flac",
        "dialect": "BE",
        "reference": "Linssen wuchs in Wachtendonk auf.",
        "hypothesis": " Die Lisse ist in Wartendonk aufgewachsen.",
        "wer": 100.0,
        "cer": 66.66666666666666,
        "bleu": 7.809849842300641
      }
    ]
  }
}