{
  "timestamp": "20251106_205810",
  "model_name": "whisper-medium",
  "results": {
    "overall_wer": 30.806571206571203,
    "overall_cer": 12.023460410557185,
    "overall_bleu": 48.87,
    "per_dialect_wer": {
      "BE": 23.36734693877551,
      "ZH": 25.555555555555554,
      "ZG": 45.45454545454545,
      "AG": 39.96212121212121,
      "SG": 38.23232323232323,
      "TG": 38.46153846153847,
      "GL": 35.714285714285715,
      "LU": 25.0,
      "SO": 17.142857142857142
    },
    "per_dialect_cer": {
      "BE": 7.6512455516014235,
      "ZH": 12.056737588652481,
      "ZG": 11.904761904761903,
      "AG": 15.52511415525114,
      "SG": 20.88235294117647,
      "TG": 8.045977011494253,
      "GL": 12.643678160919542,
      "LU": 5.128205128205128,
      "SO": 6.8493150684931505
    },
    "per_dialect_bleu": {
      "BE": 63.16,
      "ZH": 48.48,
      "ZG": 11.02,
      "AG": 34.05,
      "SG": 45.52,
      "TG": 39.67,
      "GL": 50.95,
      "LU": 46.31,
      "SO": 61.24
    },
    "total_samples": 25,
    "failed_samples": 0
  }
}