{
  "timestamp": "20251113_220212",
  "model_name": "mms-1b-all",
  "results": {
    "overall_wer": 84.57033244533245,
    "overall_cer": 37.63026409707352,
    "overall_bleu": 8.110679382558278,
    "per_dialect_wer": {
      "BE": 94.86061716061715,
      "ZH": 76.57669711241142,
      "ZG": 90.10101010101009,
      "AG": 89.6121101121101,
      "SG": 68.53096903096905,
      "TG": 74.56857956857958,
      "GL": 57.14285714285714,
      "LU": 85.08547008547008,
      "SO": 97.61904761904763,
      "BL": 77.32503607503608,
      "NW": 110.00000000000001,
      "VS": 72.5,
      "GR": 88.46153846153847,
      "UR": 87.5
    },
    "per_dialect_cer": {
      "BE": 43.18854886475814,
      "ZH": 32.41379310344827,
      "ZG": 36.92722371967655,
      "AG": 39.247943595769684,
      "SG": 29.914529914529915,
      "TG": 29.44297082228117,
      "GL": 17.24137931034483,
      "LU": 37.357630979498865,
      "SO": 45.06437768240343,
      "BL": 37.735849056603776,
      "NW": 54.02298850574713,
      "VS": 25.203252032520325,
      "GR": 39.66942148760331,
      "UR": 42.22222222222222
    },
    "per_dialect_bleu": {
      "BE": 3.7351404027301567,
      "ZH": 14.96232700975746,
      "ZG": 2.52444069603576,
      "AG": 8.115527937742156,
      "SG": 15.444122066161631,
      "TG": 8.195515012096477,
      "GL": 25.516927363782273,
      "LU": 6.703627343801213,
      "SO": 0.6533543178824381,
      "BL": 8.614401845790367,
      "NW": 0.0,
      "VS": 10.823382652806256,
      "GR": 3.095541352647859,
      "UR": 2.897799806497683
    },
    "total_samples": 100,
    "failed_samples": 0,
    "samples": [
      {
        "audio_file": "3a0cb41b-31c1-4a11-bc9f-5b6836cf4c50.flac",
        "dialect": "BE",
        "reference": "Den Weg dazu sieht er im Dialog über die Glaubensinhalte.",
        "hypothesis": "derwerkterzueksetter im dialog überglouben sen haut",
        "wer": 80.0,
        "cer": 42.10526315789473,
        "bleu": 7.0550047212602784
      },
      {
        "audio_file": "d5c16201-7d8a-4a42-97f0-8ff2981007b3.flac",
        "dialect": "ZH",
        "reference": "Hier debütierte er in der Ekstraklasa.",
        "hypothesis": "da debuteert hir iede ekstra klas",
        "wer": 100.0,
        "cer": 39.473684210526315,
        "bleu": 0.0
      },
      {
        "audio_file": "08e6c960-942b-4294-9655-bd5142cfaf45.flac",
        "dialect": "BE",
        "reference": "Ebenfalls wird der Quellcode zur Anpassung an andere Computersysteme bereitgestellt.",
        "hypothesis": "appelfowse wiert de crowcort zu  arbassiger angene computersystem bereitgestout",
        "wer": 100.0,
        "cer": 39.285714285714285,
        "bleu": 0.0
      },
      {
        "audio_file": "f28b4689-83ab-4816-90de-0b4fe24a7edb.flac",
        "dialect": "ZG",
        "reference": "Fritz Holthoff ist der Großvater des zeitgenössischen deutschen Malers Jan Holthoff.",
        "hypothesis": "fritz holdhofw is der grosvater von zietgenössische tütchemal rjan holdhof",
        "wer": 81.81818181818183,
        "cer": 26.190476190476193,
        "bleu": 4.085507150363302
      },
      {
        "audio_file": "9726619a-c734-4ca7-929f-e3f4c9300dd6.flac",
        "dialect": "AG",
        "reference": "Asylbewerber sind keine Kriminellen.",
        "hypothesis": "assul beverber sin crei criminelli",
        "wer": 125.0,
        "cer": 36.11111111111111,
        "bleu": 0.0
      }
    ]
  }
}