{
  "timestamp": "20251113_221107",
  "model_name": "mms-1b-l1107",
  "results": {
    "overall_wer": 88.42302419802424,
    "overall_cer": 36.28836545324768,
    "overall_bleu": 6.505196588084957,
    "per_dialect_wer": {
      "BE": 94.62142302142303,
      "ZH": 79.94386565815137,
      "ZG": 89.24242424242425,
      "AG": 95.97186147186147,
      "SG": 73.47313797313797,
      "TG": 82.43894993894993,
      "GL": 78.57142857142857,
      "LU": 81.87321937321937,
      "SO": 91.90476190476191,
      "BL": 87.8409090909091,
      "NW": 110.00000000000001,
      "VS": 82.5,
      "GR": 98.46153846153847,
      "UR": 111.11111111111111
    },
    "per_dialect_cer": {
      "BE": 38.05528134254689,
      "ZH": 33.90804597701149,
      "ZG": 30.45822102425876,
      "AG": 38.190364277320796,
      "SG": 30.91168091168091,
      "TG": 32.891246684350136,
      "GL": 25.287356321839084,
      "LU": 29.6127562642369,
      "SO": 46.3519313304721,
      "BL": 42.53859348198971,
      "NW": 45.97701149425287,
      "VS": 34.146341463414636,
      "GR": 44.62809917355372,
      "UR": 39.25925925925926
    },
    "per_dialect_bleu": {
      "BE": 4.798445447156953,
      "ZH": 8.660282498880107,
      "ZG": 4.969223094140586,
      "AG": 6.798828469300937,
      "SG": 10.823678459795838,
      "TG": 7.62936547218253,
      "GL": 3.1572564565455266,
      "LU": 7.265915129205624,
      "SO": 4.1660035231741235,
      "BL": 5.564840914566239,
      "NW": 0.0,
      "VS": 5.126241186847214,
      "GR": 3.095541352647859,
      "UR": 4.129998753579077
    },
    "total_samples": 100,
    "failed_samples": 0,
    "samples": [
      {
        "audio_file": "3a0cb41b-31c1-4a11-bc9f-5b6836cf4c50.flac",
        "dialect": "BE",
        "reference": "Den Weg dazu sieht er im Dialog über die Glaubensinhalte.",
        "hypothesis": "der wägte zureg sähter im dialog über globen seinen haut",
        "wer": 80.0,
        "cer": 43.859649122807014,
        "bleu": 14.133288733111716
      },
      {
        "audio_file": "d5c16201-7d8a-4a42-97f0-8ff2981007b3.flac",
        "dialect": "ZH",
        "reference": "Hier debütierte er in der Ekstraklasa.",
        "hypothesis": "dor debetiert er ider egstro chlos",
        "wer": 83.33333333333334,
        "cer": 39.473684210526315,
        "bleu": 6.870636427700047
      },
      {
        "audio_file": "08e6c960-942b-4294-9655-bd5142cfaf45.flac",
        "dialect": "BE",
        "reference": "Ebenfalls wird der Quellcode zur Anpassung an andere Computersysteme bereitgestellt.",
        "hypothesis": "äberfaus wer de kruäu gort zur arbpassiger angene kompiutersestämm bereitgestellbt",
        "wer": 100.0,
        "cer": 36.904761904761905,
        "bleu": 3.7968017775955714
      },
      {
        "audio_file": "f28b4689-83ab-4816-90de-0b4fe24a7edb.flac",
        "dialect": "ZG",
        "reference": "Fritz Holthoff ist der Großvater des zeitgenössischen deutschen Malers Jan Holthoff.",
        "hypothesis": "fritz holtof ist der grosvater vom ziedgenößische dysche mal rian holdhof",
        "wer": 72.72727272727273,
        "cer": 27.380952380952383,
        "bleu": 7.574347133041985
      },
      {
        "audio_file": "9726619a-c734-4ca7-929f-e3f4c9300dd6.flac",
        "dialect": "AG",
        "reference": "Asylbewerber sind keine Kriminellen.",
        "hypothesis": "asül bewerbers ein kreig kriminelli",
        "wer": 125.0,
        "cer": 30.555555555555557,
        "bleu": 0.0
      }
    ]
  }
}