{
  "timestamp": "20251113_222409",
  "model_name": "whisper-tiny",
  "results": {
    "overall_wer": 108.40107115107118,
    "overall_cer": 64.26837972876517,
    "overall_bleu": 9.654224308880382,
    "per_dialect_wer": {
      "BE": 120.95850815850815,
      "ZH": 75.26895723324294,
      "ZG": 97.52525252525251,
      "AG": 143.27172827172825,
      "SG": 86.74747474747474,
      "TG": 68.89397639397639,
      "GL": 92.85714285714286,
      "LU": 120.34900284900284,
      "SO": 80.95238095238095,
      "BL": 115.41666666666666,
      "NW": 90.0,
      "VS": 196.25,
      "GR": 96.15384615384616,
      "UR": 94.44444444444444
    },
    "per_dialect_cer": {
      "BE": 62.19151036525172,
      "ZH": 35.86206896551724,
      "ZG": 58.490566037735846,
      "AG": 108.34312573443007,
      "SG": 44.58689458689459,
      "TG": 31.03448275862069,
      "GL": 68.96551724137932,
      "LU": 76.76537585421413,
      "SO": 60.94420600858369,
      "BL": 77.53001715265866,
      "NW": 44.827586206896555,
      "VS": 148.78048780487805,
      "GR": 56.19834710743802,
      "UR": 59.25925925925925
    },
    "per_dialect_bleu": {
      "BE": 5.640633062451437,
      "ZH": 15.780849345895719,
      "ZG": 5.9321561778752185,
      "AG": 15.166216367611591,
      "SG": 8.535740521846943,
      "TG": 12.435230363610257,
      "GL": 3.0098043843528286,
      "LU": 12.12810855856766,
      "SO": 7.008224131376835,
      "BL": 6.444330959341748,
      "NW": 8.549161846379198,
      "VS": 4.93859134551451,
      "GR": 4.958860363545722,
      "UR": 4.825029305704195
    },
    "total_samples": 100,
    "failed_samples": 0,
    "samples": [
      {
        "audio_file": "3a0cb41b-31c1-4a11-bc9f-5b6836cf4c50.flac",
        "dialect": "BE",
        "reference": "Den Weg dazu sieht er im Dialog über die Glaubensinhalte.",
        "hypothesis": " Drowakter Zuirg See Traktel im Dialog, gebetculpt an seinen Haut.",
        "wer": 100.0,
        "cer": 68.42105263157895,
        "bleu": 7.495553473355845
      },
      {
        "audio_file": "d5c16201-7d8a-4a42-97f0-8ff2981007b3.flac",
        "dialect": "ZH",
        "reference": "Hier debütierte er in der Ekstraklasa.",
        "hypothesis": " Da debitiert er wieder extra Klaus.",
        "wer": 83.33333333333334,
        "cer": 36.84210526315789,
        "bleu": 7.809849842300637
      },
      {
        "audio_file": "08e6c960-942b-4294-9655-bd5142cfaf45.flac",
        "dialect": "BE",
        "reference": "Ebenfalls wird der Quellcode zur Anpassung an andere Computersysteme bereitgestellt.",
        "hypothesis": " aber faus die Krökott zurück links zur P씬ingspremula-Kannung atomic-Consuitär bike就可以",
        "wer": 100.0,
        "cer": 78.57142857142857,
        "bleu": 3.7968017775955714
      },
      {
        "audio_file": "f28b4689-83ab-4816-90de-0b4fe24a7edb.flac",
        "dialect": "ZG",
        "reference": "Fritz Holthoff ist der Großvater des zeitgenössischen deutschen Malers Jan Holthoff.",
        "hypothesis": " Fritz Holthof ist der Cross-Fatter von ziehtgenössische Düchermal-Rianholthof.",
        "wer": 72.72727272727273,
        "cer": 29.761904761904763,
        "bleu": 8.125165710854512
      },
      {
        "audio_file": "9726619a-c734-4ca7-929f-e3f4c9300dd6.flac",
        "dialect": "AG",
        "reference": "Asylbewerber sind keine Kriminellen.",
        "hypothesis": " Als ÖlPD war jaendrein prediciert",
        "wer": 125.0,
        "cer": 69.44444444444444,
        "bleu": 0.0
      }
    ]
  }
}