{
  "timestamp": "20251113_161652",
  "model_name": "distil-whisper-large-v3",
  "results": {
    "overall_wer": 98.19588744588745,
    "overall_cer": 53.56339084771192,
    "overall_bleu": 5.088159564588474,
    "per_dialect_wer": {
      "BE": 98.33333333333333,
      "ZH": 100.0,
      "ZG": 72.72727272727273,
      "AG": 106.06060606060606,
      "SG": 92.69696969696969,
      "TG": 100.0,
      "GL": 92.85714285714286,
      "LU": 125.0
    },
    "per_dialect_cer": {
      "BE": 56.13577023498695,
      "ZH": 56.02836879432624,
      "ZG": 39.285714285714285,
      "AG": 54.06976744186046,
      "SG": 55.88235294117647,
      "TG": 50.57471264367817,
      "GL": 48.275862068965516,
      "LU": 46.15384615384615
    },
    "per_dialect_bleu": {
      "BE": 2.1314396600852183,
      "ZH": 4.479303721253481,
      "ZG": 14.458924666162856,
      "AG": 4.60245530795943,
      "SG": 3.659991164846944,
      "TG": 3.149696072246702,
      "GL": 19.835441454182888,
      "LU": 8.116697886877475
    },
    "total_samples": 20,
    "failed_samples": 0
  }
}