{
  "timestamp": "20251113_160218",
  "model_name": "mms-1b-all",
  "results": {
    "overall_wer": 84.1487123987124,
    "overall_cer": 34.583645911477866,
    "overall_bleu": 8.339432279739452,
    "per_dialect_wer": {
      "BE": 94.11111111111111,
      "ZH": 77.77777777777777,
      "ZG": 81.81818181818183,
      "AG": 96.2121212121212,
      "SG": 77.98989898989899,
      "TG": 61.53846153846154,
      "GL": 57.14285714285714,
      "LU": 100.0
    },
    "per_dialect_cer": {
      "BE": 39.1644908616188,
      "ZH": 34.751773049645394,
      "ZG": 26.190476190476193,
      "AG": 41.27906976744186,
      "SG": 36.470588235294116,
      "TG": 17.24137931034483,
      "GL": 17.24137931034483,
      "LU": 38.46153846153847
    },
    "per_dialect_bleu": {
      "BE": 3.423606037344496,
      "ZH": 15.586761749936853,
      "ZG": 4.085507150363302,
      "AG": 7.169106387099645,
      "SG": 8.971705782926344,
      "TG": 6.942047568179753,
      "GL": 25.516927363782273,
      "LU": 0.0
    },
    "total_samples": 20,
    "failed_samples": 0
  }
}