dialect,wer,cer,bleu
AG,96.2121212121212,41.27906976744186,7.169106387099645
BE,94.11111111111111,39.1644908616188,3.423606037344496
GL,57.14285714285714,17.24137931034483,25.516927363782273
LU,100.0,38.46153846153847,0.0
SG,77.98989898989899,36.470588235294116,8.971705782926344
TG,61.53846153846154,17.24137931034483,6.942047568179753
ZG,81.81818181818183,26.190476190476193,4.085507150363302
ZH,77.77777777777777,34.751773049645394,15.586761749936853
OVERALL,84.1487123987124,34.583645911477866,8.339432279739452
