{
  "timestamp": "20251113_161731",
  "model_name": "wav2vec2-german",
  "results": {
    "overall_wer": 83.92071817071817,
    "overall_cer": 47.86196549137284,
    "overall_bleu": 7.392052276257924,
    "per_dialect_wer": {
      "BE": 92.33333333333333,
      "ZH": 77.77777777777779,
      "ZG": 63.63636363636363,
      "AG": 87.57575757575758,
      "SG": 81.95959595959596,
      "TG": 61.53846153846154,
      "GL": 85.71428571428571,
      "LU": 100.0
    },
    "per_dialect_cer": {
      "BE": 61.096605744125334,
      "ZH": 46.808510638297875,
      "ZG": 59.523809523809526,
      "AG": 51.74418604651163,
      "SG": 38.529411764705884,
      "TG": 21.839080459770116,
      "GL": 45.97701149425287,
      "LU": 23.076923076923077
    },
    "per_dialect_bleu": {
      "BE": 2.944271858485812,
      "ZH": 11.302483450506978,
      "ZG": 20.126703311713307,
      "AG": 5.254298059921617,
      "SG": 10.804210855923326,
      "TG": 6.942047568179753,
      "GL": 2.3595365419339505,
      "LU": 0.0
    },
    "total_samples": 20,
    "failed_samples": 0
  }
}