{
  "timestamp": "20251113_160943",
  "model_name": "whisper-large-v3-turbo",
  "results": {
    "overall_wer": 26.048923298923295,
    "overall_cer": 9.977494373593398,
    "overall_bleu": 57.592395663384,
    "per_dialect_wer": {
      "BE": 12.666666666666666,
      "ZH": 25.555555555555554,
      "ZG": 9.090909090909092,
      "AG": 25.0,
      "SG": 41.080808080808076,
      "TG": 30.76923076923077,
      "GL": 35.714285714285715,
      "LU": 25.0
    },
    "per_dialect_cer": {
      "BE": 3.91644908616188,
      "ZH": 13.47517730496454,
      "ZG": 2.380952380952381,
      "AG": 11.046511627906977,
      "SG": 17.941176470588236,
      "TG": 6.896551724137931,
      "GL": 11.494252873563218,
      "LU": 2.564102564102564
    },
    "per_dialect_bleu": {
      "BE": 83.07510373949074,
      "ZH": 48.48091460275572,
      "ZG": 73.48889200874659,
      "AG": 51.559563008437,
      "SG": 37.59226455904796,
      "TG": 46.06894414936015,
      "GL": 50.95172447616117,
      "LU": 77.88007830714052
    },
    "total_samples": 20,
    "failed_samples": 0
  }
}