{
  "timestamp": "20251111_215934",
  "model_name": "mms-1b-l1107",
  "results": {
    "overall_wer": 84.81546231546233,
    "overall_cer": 29.852941176470587,
    "overall_bleu": 7.43476938786863,
    "per_dialect_wer": {
      "BE": 97.22222222222223,
      "ZH": 66.66666666666667,
      "ZG": 72.72727272727273,
      "AG": 125.0,
      "SG": 66.66666666666666,
      "TG": 61.53846153846154
    },
    "per_dialect_cer": {
      "BE": 37.20136518771331,
      "ZH": 28.749999999999996,
      "ZG": 27.380952380952383,
      "AG": 30.555555555555557,
      "SG": 19.0,
      "TG": 20.689655172413794
    },
    "per_dialect_bleu": {
      "BE": 5.2862612709411865,
      "ZH": 16.223013503333128,
      "ZG": 7.574347133041985,
      "AG": 0.0,
      "SG": 9.238430210261097,
      "TG": 3.9438444449522216
    },
    "total_samples": 10,
    "failed_samples": 0
  }
}