{
  "timestamp": "20251122_211202",
  "model_name": "wav2vec2-german",
  "experiment_type": null,
  "results": {
    "overall_wer": 77.08158785658787,
    "overall_cer": 32.07708779443254,
    "overall_bleu": 10.800766139466417,
    "per_dialect_wer": {
      "AG": 77.39421689421688,
      "ZG": 78.93939393939392,
      "BE": 79.4139305139305,
      "GL": 50.0,
      "SG": 70.75513375513376,
      "TG": 73.17969067969068,
      "BL": 84.85479797979798,
      "SO": 85.54112554112555,
      "VS": 77.5,
      "GR": 88.46153846153847,
      "NW": 110.00000000000001,
      "ZH": 71.28526235669094,
      "UR": 82.63888888888889,
      "LU": 71.65242165242165
    },
    "per_dialect_cer": {
      "AG": 33.607520564042304,
      "ZG": 29.380053908355798,
      "BE": 32.4284304047384,
      "GL": 17.24137931034483,
      "SG": 29.2022792022792,
      "TG": 29.44297082228117,
      "BL": 40.651801029159515,
      "SO": 41.63090128755365,
      "VS": 22.76422764227642,
      "GR": 41.32231404958678,
      "NW": 42.5287356321839,
      "ZH": 29.540229885057474,
      "UR": 32.592592592592595,
      "LU": 25.968109339407746
    },
    "per_dialect_bleu": {
      "AG": 15.26854903518705,
      "ZG": 9.20260396450119,
      "BE": 8.406193284735647,
      "GL": 26.279464298691586,
      "SG": 15.300883294461116,
      "TG": 8.770237015082415,
      "BL": 6.448820502453851,
      "SO": 4.264326316873632,
      "VS": 5.577327191890156,
      "GR": 2.916495972453022,
      "NW": 3.1157290929555894,
      "ZH": 14.323722254421606,
      "UR": 7.451562763944798,
      "LU": 10.508108610409243
    },
    "total_samples": 100,
    "failed_samples": 0,
    "samples": [
      {
        "audio_file": "3a0cb41b-31c1-4a11-bc9f-5b6836cf4c50.flac",
        "dialect": "BE",
        "reference": "Den Weg dazu sieht er im Dialog über die Glaubensinhalte.",
        "hypothesis": "der werkte zuekehte im dialog übrkloben sein haut",
        "wer": 80.0,
        "cer": 45.614035087719294,
        "bleu": 7.590969579691412
      },
      {
        "audio_file": "d5c16201-7d8a-4a42-97f0-8ff2981007b3.flac",
        "dialect": "ZH",
        "reference": "Hier debütierte er in der Ekstraklasa.",
        "hypothesis": "da debütiert er in der extra klas",
        "wer": 66.66666666666666,
        "cer": 26.31578947368421,
        "bleu": 24.446151121745054
      },
      {
        "audio_file": "08e6c960-942b-4294-9655-bd5142cfaf45.flac",
        "dialect": "BE",
        "reference": "Ebenfalls wird der Quellcode zur Anpassung an andere Computersysteme bereitgestellt.",
        "hypothesis": "aberfalls wärde cre god zu allpassiger angene computersystem bereitgestawt",
        "wer": 100.0,
        "cer": 32.142857142857146,
        "bleu": 0.0
      },
      {
        "audio_file": "f28b4689-83ab-4816-90de-0b4fe24a7edb.flac",
        "dialect": "ZG",
        "reference": "Fritz Holthoff ist der Großvater des zeitgenössischen deutschen Malers Jan Holthoff.",
        "hypothesis": "fritz holthoff ist der grossvater vom zitgenössischer dechemal rian holthoff",
        "wer": 63.63636363636363,
        "cer": 20.238095238095237,
        "bleu": 22.741221234802104
      },
      {
        "audio_file": "9726619a-c734-4ca7-929f-e3f4c9300dd6.flac",
        "dialect": "AG",
        "reference": "Asylbewerber sind keine Kriminellen.",
        "hypothesis": "asylbewerber sind kral criminelli",
        "wer": 50.0,
        "cer": 22.22222222222222,
        "bleu": 24.880469496253564
      }
    ]
  }
}