{
  "timestamp": "20251122_211832",
  "model_name": "wav2vec2-german-with-lm",
  "experiment_type": null,
  "results": {
    "overall_wer": 73.82597957597959,
    "overall_cer": 30.963597430406853,
    "overall_bleu": 14.314213679625297,
    "per_dialect_wer": {
      "AG": 72.49250749250749,
      "ZG": 84.4949494949495,
      "BE": 76.36358086358085,
      "GL": 35.714285714285715,
      "SG": 66.61288711288712,
      "TG": 65.62983312983313,
      "BL": 82.02741702741703,
      "SO": 82.20779220779221,
      "VS": 68.75,
      "GR": 88.46153846153847,
      "NW": 110.00000000000001,
      "ZH": 64.3062889491461,
      "UR": 94.44444444444444,
      "LU": 75.26353276353275
    },
    "per_dialect_cer": {
      "AG": 31.962397179788482,
      "ZG": 28.57142857142857,
      "BE": 31.29318854886476,
      "GL": 13.793103448275861,
      "SG": 28.917378917378915,
      "TG": 28.647214854111407,
      "BL": 39.62264150943396,
      "SO": 41.201716738197426,
      "VS": 21.138211382113823,
      "GR": 39.66942148760331,
      "NW": 44.827586206896555,
      "ZH": 27.70114942528736,
      "UR": 32.592592592592595,
      "LU": 24.829157175398635
    },
    "per_dialect_bleu": {
      "AG": 18.01648504108071,
      "ZG": 9.00881491274953,
      "BE": 11.386981471904981,
      "GL": 37.79384372809367,
      "SG": 20.083700390015768,
      "TG": 15.672136642737184,
      "BL": 7.675007225591671,
      "SO": 7.330874293424093,
      "VS": 19.8640565104645,
      "GR": 3.0838190312119687,
      "NW": 3.1157290929555894,
      "ZH": 19.25242988730927,
      "UR": 6.893632230105872,
      "LU": 13.844394959402772
    },
    "total_samples": 100,
    "failed_samples": 0,
    "samples": [
      {
        "audio_file": "3a0cb41b-31c1-4a11-bc9f-5b6836cf4c50.flac",
        "dialect": "BE",
        "reference": "Den Weg dazu sieht er im Dialog über die Glaubensinhalte.",
        "hypothesis": "DER WERKE ZU EXETER IM DIALOG ÜBER KLOBEN SEIN HAUT",
        "wer": 80.0,
        "cer": 38.59649122807017,
        "bleu": 14.133288733111716
      },
      {
        "audio_file": "d5c16201-7d8a-4a42-97f0-8ff2981007b3.flac",
        "dialect": "ZH",
        "reference": "Hier debütierte er in der Ekstraklasa.",
        "hypothesis": "DA DEBÜTIERT ER IN DER EXTRA KLASSE",
        "wer": 66.66666666666666,
        "cer": 26.31578947368421,
        "bleu": 24.446151121745054
      },
      {
        "audio_file": "08e6c960-942b-4294-9655-bd5142cfaf45.flac",
        "dialect": "BE",
        "reference": "Ebenfalls wird der Quellcode zur Anpassung an andere Computersysteme bereitgestellt.",
        "hypothesis": "ABERFALLS WERDE CREW GOTT ZU ALPASSIGER ANGENE COMPUTERSYSTEM BEREITGESTELLT",
        "wer": 100.0,
        "cer": 28.57142857142857,
        "bleu": 3.817681337429047
      },
      {
        "audio_file": "f28b4689-83ab-4816-90de-0b4fe24a7edb.flac",
        "dialect": "ZG",
        "reference": "Fritz Holthoff ist der Großvater des zeitgenössischen deutschen Malers Jan Holthoff.",
        "hypothesis": "FRITZ HOLTHOFF IST DER GROSSVATER VOM ZITGENÖSSISCHER DECHEMA RIAN HOLTHOFF",
        "wer": 63.63636363636363,
        "cer": 21.428571428571427,
        "bleu": 22.741221234802104
      },
      {
        "audio_file": "9726619a-c734-4ca7-929f-e3f4c9300dd6.flac",
        "dialect": "AG",
        "reference": "Asylbewerber sind keine Kriminellen.",
        "hypothesis": "ASYLBEWERBER SIND CA KRIMINELL",
        "wer": 50.0,
        "cer": 22.22222222222222,
        "bleu": 24.880469496253564
      }
    ]
  }
}