{
  "timestamp": "20251106_212608",
  "model_name": "whisper-small",
  "results": {
    "overall_wer": 45.72727272727273,
    "overall_cer": 20.066889632107024,
    "overall_bleu": 25.11,
    "per_dialect_wer": {
      "BE": 45.0,
      "ZH": 50.0,
      "ZG": 63.63636363636363,
      "AG": 25.0
    },
    "per_dialect_cer": {
      "BE": 21.98581560283688,
      "ZH": 28.947368421052634,
      "ZG": 20.238095238095237,
      "AG": 2.7777777777777777
    },
    "per_dialect_bleu": {
      "BE": 23.97,
      "ZH": 26.27,
      "ZG": 8.61,
      "AG": 42.73
    },
    "total_samples": 5,
    "failed_samples": 0
  }
}