{
  "timestamp": "20251104_152750",
  "model_name": "whisper-base",
  "results": {
    "overall_wer": 62.11693861693861,
    "overall_cer": 23.52941176470588,
    "overall_bleu": 7.450036687550464,
    "per_dialect_wer": {
      "BE": 76.11111111111111,
      "ZH": 41.666666666666664,
      "ZG": 54.54545454545454,
      "AG": 75.0,
      "SG": 50.0,
      "TG": 53.84615384615385
    },
    "per_dialect_cer": {
      "BE": 25.597269624573375,
      "ZH": 23.75,
      "ZG": 21.428571428571427,
      "AG": 13.88888888888889,
      "SG": 23.0,
      "TG": 22.988505747126435
    },
    "per_dialect_bleu": {
      "BE": 8.833717124359337,
      "ZH": 22.749707020240184,
      "ZG": 8.91376552139813,
      "AG": 17.965205598154213,
      "SG": 11.498759556447217,
      "TG": 7.245329763336643
    },
    "total_samples": 10,
    "failed_samples": 0
  }
}