{
  "timestamp": "20251112_112730",
  "model_name": "whisper-large",
  "results": {
    "overall_wer": 21.304195804195803,
    "overall_cer": 7.205882352941176,
    "overall_bleu": 61.473405592290945,
    "per_dialect_wer": {
      "BE": 15.833333333333332,
      "ZH": 33.33333333333333,
      "ZG": 27.27272727272727,
      "AG": 0.0,
      "SG": 25.0,
      "TG": 30.76923076923077
    },
    "per_dialect_cer": {
      "BE": 5.1194539249146755,
      "ZH": 15.0,
      "ZG": 4.761904761904762,
      "AG": 0.0,
      "SG": 11.0,
      "TG": 8.045977011494253
    },
    "per_dialect_bleu": {
      "BE": 78.84387967436342,
      "ZH": 35.62413876730852,
      "ZG": 38.827267775222325,
      "AG": 100.00000000000004,
      "SG": 52.02556880807587,
      "TG": 37.257423107540355
    },
    "total_samples": 10,
    "failed_samples": 0
  }
}