{
  "timestamp": "20251113_164456",
  "model_name": "distil-whisper-large-v3",
  "results": {
    "overall_wer": 96.43939393939394,
    "overall_cer": 51.617647058823536,
    "overall_bleu": 5.326200564718597,
    "per_dialect_wer": {
      "BE": 100.0,
      "ZH": 100.0,
      "ZG": 72.72727272727273,
      "AG": 100.0,
      "SG": 91.66666666666666,
      "TG": 100.0
    },
    "per_dialect_cer": {
      "BE": 57.33788395904437,
      "ZH": 57.49999999999999,
      "ZG": 39.285714285714285,
      "AG": 44.44444444444444,
      "SG": 44.0,
      "TG": 50.57471264367817
    },
    "per_dialect_bleu": {
      "BE": 1.9543398944645758,
      "ZH": 6.718955581880222,
      "ZG": 14.458924666162856,
      "AG": 10.682175159905848,
      "SG": 3.7159390072518104,
      "TG": 3.149696072246702
    },
    "total_samples": 10,
    "failed_samples": 0
  }
}