{
  "timestamp": "20251113_164537",
  "model_name": "mms-1b-all",
  "results": {
    "overall_wer": 83.8912198912199,
    "overall_cer": 30.14705882352941,
    "overall_bleu": 7.7116170475102965,
    "per_dialect_wer": {
      "BE": 94.72222222222223,
      "ZH": 66.66666666666666,
      "ZG": 81.81818181818183,
      "AG": 125.0,
      "SG": 58.333333333333336,
      "TG": 61.53846153846154
    },
    "per_dialect_cer": {
      "BE": 39.249146757679185,
      "ZH": 25.0,
      "ZG": 26.190476190476193,
      "AG": 36.11111111111111,
      "SG": 20.0,
      "TG": 17.24137931034483
    },
    "per_dialect_bleu": {
      "BE": 3.256734321706026,
      "ZH": 21.50625425656632,
      "ZG": 4.085507150363302,
      "AG": 0.0,
      "SG": 10.04916995660316,
      "TG": 6.942047568179753
    },
    "total_samples": 10,
    "failed_samples": 0
  }
}