{
  "timestamp": "20251104_154248",
  "model_name": "whisper-small",
  "results": {
    "overall_wer": 45.94839604839606,
    "overall_cer": 19.18629550321199,
    "overall_bleu": 37.54121943388348,
    "per_dialect_wer": {
      "BE": 45.532134532134535,
      "ZH": 39.53677275105847,
      "ZG": 43.88888888888889,
      "AG": 40.04462204462205,
      "SG": 47.485014985014985,
      "TG": 51.14570614570615,
      "GL": 42.857142857142854,
      "LU": 35.78347578347579,
      "SO": 26.580086580086583,
      "BL": 59.82323232323232,
      "NW": 80.0,
      "VS": 66.25,
      "GR": 81.53846153846153,
      "UR": 54.861111111111114
    },
    "per_dialect_cer": {
      "BE": 17.077986179664364,
      "ZH": 18.39080459770115,
      "ZG": 11.05121293800539,
      "AG": 17.62632197414806,
      "SG": 26.923076923076923,
      "TG": 19.893899204244033,
      "GL": 13.793103448275861,
      "LU": 13.895216400911162,
      "SO": 7.725321888412018,
      "BL": 28.30188679245283,
      "NW": 31.03448275862069,
      "VS": 26.82926829268293,
      "GR": 28.92561983471074,
      "UR": 23.703703703703706
    },
    "per_dialect_bleu": {
      "BE": 38.546151403141145,
      "ZH": 43.40857776680402,
      "ZG": 40.21863523550453,
      "AG": 38.168110922465644,
      "SG": 28.367580234751426,
      "TG": 23.706514406065835,
      "GL": 44.05136963304349,
      "LU": 43.88747455067292,
      "SO": 50.03461864023697,
      "BL": 37.4189697541048,
      "NW": 10.390302174233558,
      "VS": 10.430653621528764,
      "GR": 46.13663738829261,
      "UR": 30.468029578095834
    },
    "total_samples": 100,
    "failed_samples": 0
  }
}