{
  "timestamp": "20251104_153600",
  "model_name": "whisper-base",
  "results": {
    "overall_wer": 76.9179403929404,
    "overall_cer": 36.17416131334761,
    "overall_bleu": 16.07462956189556,
    "per_dialect_wer": {
      "BE": 91.76062826062825,
      "ZH": 54.008848294562576,
      "ZG": 113.08080808080808,
      "AG": 73.8938838938839,
      "SG": 63.48751248751248,
      "TG": 62.59869759869759,
      "GL": 78.57142857142857,
      "LU": 60.65527065527066,
      "SO": 54.718614718614724,
      "BL": 82.67496392496392,
      "NW": 110.00000000000001,
      "VS": 93.75,
      "GR": 100.76923076923077,
      "UR": 95.13888888888889
    },
    "per_dialect_cer": {
      "BE": 45.45903257650543,
      "ZH": 26.091954022988507,
      "ZG": 38.81401617250674,
      "AG": 32.90246768507638,
      "SG": 28.205128205128204,
      "TG": 26.25994694960212,
      "GL": 24.137931034482758,
      "LU": 23.006833712984054,
      "SO": 27.896995708154503,
      "BL": 51.286449399656945,
      "NW": 40.229885057471265,
      "VS": 35.77235772357724,
      "GR": 42.97520661157025,
      "UR": 35.55555555555556
    },
    "per_dialect_bleu": {
      "BE": 15.045941867403048,
      "ZH": 25.626351430003083,
      "ZG": 5.257678755973643,
      "AG": 12.945437839334808,
      "SG": 13.13796899762101,
      "TG": 15.751051720474527,
      "GL": 10.56964613041054,
      "LU": 16.843988576539363,
      "SO": 33.587500530061476,
      "BL": 14.935062950154501,
      "NW": 6.150343144231885,
      "VS": 5.508399197492329,
      "GR": 26.027551815267184,
      "UR": 7.432147581056956
    },
    "total_samples": 100,
    "failed_samples": 0
  }
}