{
  "timestamp": "20251112_095450",
  "model_name": "whisper-medium",
  "results": {
    "overall_wer": 36.46327006327007,
    "overall_cer": 14.275517487508923,
    "overall_bleu": 45.284078440528276,
    "per_dialect_wer": {
      "BE": 33.452547452547456,
      "ZH": 35.82798154226725,
      "ZG": 28.03030303030303,
      "AG": 38.61149961149961,
      "SG": 35.23948273948274,
      "TG": 43.18274318274319,
      "GL": 35.714285714285715,
      "LU": 26.702279202279204,
      "SO": 26.580086580086583,
      "BL": 48.61832611832612,
      "NW": 50.0,
      "VS": 42.5,
      "GR": 65.38461538461539,
      "UR": 23.61111111111111
    },
    "per_dialect_cer": {
      "BE": 11.549851924975322,
      "ZH": 17.35632183908046,
      "ZG": 7.008086253369273,
      "AG": 15.276145710928319,
      "SG": 18.091168091168093,
      "TG": 15.384615384615385,
      "GL": 12.643678160919542,
      "LU": 9.79498861047836,
      "SO": 10.72961373390558,
      "BL": 20.06861063464837,
      "NW": 26.436781609195403,
      "VS": 13.821138211382115,
      "GR": 21.487603305785125,
      "UR": 8.88888888888889
    },
    "per_dialect_bleu": {
      "BE": 50.06708736562994,
      "ZH": 43.932758672236936,
      "ZG": 48.09161128160646,
      "AG": 44.70219204730383,
      "SG": 42.51908089048653,
      "TG": 38.64418079801591,
      "GL": 50.95172447616117,
      "LU": 54.57451394821999,
      "SO": 52.63086734846141,
      "BL": 38.74768313343626,
      "NW": 15.718877363021207,
      "VS": 31.21116073512944,
      "GR": 33.589681639728006,
      "UR": 51.01588514956056
    },
    "total_samples": 100,
    "failed_samples": 0
  }
}