{
  "timestamp": "20251129_201334",
  "model_name": "whisper-large-v3-turbo",
  "experiment_type": null,
  "results": {
    "overall_wer": 31.768741803464028,
    "overall_cer": 13.911203676154585,
    "overall_bleu": 51.64134371714043,
    "per_dialect_wer": {
      "BE": 30.447327753152997,
      "SZ": 16.666666666666664,
      "SG": 31.19327688772133,
      "ZG": 37.815184815184814,
      "GL": 23.859126984126984,
      "NW": 60.0,
      "FR": 78.7878787878788,
      "GR": 38.044871794871796,
      "UR": 43.06471306471306,
      "ZH": 32.68125007708341,
      "SO": 36.22095497095498,
      "SH": 42.857142857142854,
      "VS": 30.327380952380953,
      "LU": 30.2187235841082,
      "BL": 33.48288684495581,
      "TG": 26.267012901628284,
      "AG": 28.903816309476685
    },
    "per_dialect_cer": {
      "BE": 12.847503373819164,
      "SZ": 4.059040590405904,
      "SG": 14.779789246149688,
      "ZG": 15.780730897009967,
      "GL": 5.797101449275362,
      "NW": 28.735632183908045,
      "FR": 34.97942386831276,
      "GR": 12.82051282051282,
      "UR": 13.513513513513514,
      "ZH": 15.326538316345792,
      "SO": 19.083395942900076,
      "SH": 6.976744186046512,
      "VS": 11.847389558232932,
      "LU": 12.04531902206321,
      "BL": 15.70785392696348,
      "TG": 11.488250652741515,
      "AG": 11.685150121720314
    },
    "per_dialect_bleu": {
      "BE": 56.009622676889585,
      "SZ": 73.06230250232336,
      "SG": 50.78681145483096,
      "ZG": 43.349444091742306,
      "GL": 63.0201696976099,
      "NW": 15.310245441182436,
      "FR": 11.586343234691979,
      "GR": 43.235634445088266,
      "UR": 37.902690907947886,
      "ZH": 49.5855183848009,
      "SO": 49.11044947393631,
      "SH": 23.356898886410004,
      "VS": 44.51803475597574,
      "LU": 52.972973680233835,
      "BL": 48.64701926007237,
      "TG": 57.40879673478947,
      "AG": 53.54842454448186
    },
    "total_samples": 432,
    "failed_samples": 0,
    "samples": [
      {
        "audio_file": "3a0cb41b-31c1-4a11-bc9f-5b6836cf4c50.flac",
        "dialect": "BE",
        "reference": "Den Weg dazu sieht er im Dialog über die Glaubensinhalte.",
        "hypothesis": " Der Weg dazu sieht er im Dialog über Glaubensinhalt.",
        "wer": 30.0,
        "cer": 10.526315789473683,
        "bleu": 59.77653345720247
      },
      {
        "audio_file": "d5c16201-7d8a-4a42-97f0-8ff2981007b3.flac",
        "dialect": "ZH",
        "reference": "Hier debütierte er in der Ekstraklasa.",
        "hypothesis": " Hier debittiert er in der Extra-Klasse.",
        "wer": 33.33333333333333,
        "cer": 21.052631578947366,
        "bleu": 27.77619034011791
      },
      {
        "audio_file": "08e6c960-942b-4294-9655-bd5142cfaf45.flac",
        "dialect": "BE",
        "reference": "Ebenfalls wird der Quellcode zur Anpassung an andere Computersysteme bereitgestellt.",
        "hypothesis": " Ebenfalls wird der Quellcode zur Anpassung an andere Computersysteme bereitgestellt.",
        "wer": 0.0,
        "cer": 0.0,
        "bleu": 100.00000000000004
      },
      {
        "audio_file": "f28b4689-83ab-4816-90de-0b4fe24a7edb.flac",
        "dialect": "ZG",
        "reference": "Fritz Holthoff ist der Großvater des zeitgenössischen deutschen Malers Jan Holthoff.",
        "hypothesis": " Fritz Holthoff ist der Grossvater des zeitgenössischen deutschen Malers Jan Holthoff.",
        "wer": 9.090909090909092,
        "cer": 2.380952380952381,
        "bleu": 73.48889200874659
      },
      {
        "audio_file": "9726619a-c734-4ca7-929f-e3f4c9300dd6.flac",
        "dialect": "AG",
        "reference": "Asylbewerber sind keine Kriminellen.",
        "hypothesis": " Asylbewerber sind keine Kriminelle.",
        "wer": 25.0,
        "cer": 2.7777777777777777,
        "bleu": 42.7287006396234
      }
    ]
  }
}