{
  "timestamp": "20251129_201022",
  "model_name": "whisper-large-v3",
  "experiment_type": null,
  "results": {
    "overall_wer": 28.91959313834314,
    "overall_cer": 12.694634533373003,
    "overall_bleu": 55.204403068166386,
    "per_dialect_wer": {
      "BE": 26.759354453529212,
      "SZ": 25.0,
      "SG": 29.411735383957605,
      "ZG": 35.50830650830651,
      "GL": 28.422619047619044,
      "NW": 60.0,
      "FR": 67.42424242424242,
      "GR": 36.37820512820513,
      "UR": 30.904219237552567,
      "ZH": 29.20500410083743,
      "SO": 33.17723942723943,
      "SH": 57.14285714285714,
      "VS": 36.279761904761905,
      "LU": 24.704355473586244,
      "BL": 32.67825086790604,
      "TG": 24.517042786273556,
      "AG": 25.831411774808
    },
    "per_dialect_cer": {
      "BE": 11.673414304993253,
      "SZ": 4.797047970479705,
      "SG": 14.293434206971089,
      "ZG": 14.950166112956811,
      "GL": 7.608695652173914,
      "NW": 28.735632183908045,
      "FR": 30.864197530864196,
      "GR": 12.307692307692308,
      "UR": 10.641891891891891,
      "ZH": 12.910532276330692,
      "SO": 18.031555221637866,
      "SH": 13.953488372093023,
      "VS": 12.248995983935743,
      "LU": 10.256410256410255,
      "BL": 14.957478739369684,
      "TG": 10.704960835509137,
      "AG": 10.684338652961861
    },
    "per_dialect_bleu": {
      "BE": 59.90250281983978,
      "SZ": 52.349393320403806,
      "SG": 52.502231405497795,
      "ZG": 47.68570309354405,
      "GL": 54.73485501990986,
      "NW": 8.737167851715874,
      "FR": 21.162914537170714,
      "GR": 47.90900987240508,
      "UR": 55.275123368351764,
      "ZH": 55.53750527548405,
      "SO": 50.577871818229,
      "SH": 19.740631366145518,
      "VS": 43.91850118638863,
      "LU": 59.17737838745576,
      "BL": 50.22098628345737,
      "TG": 58.783517726177365,
      "AG": 57.33703025915669
    },
    "total_samples": 432,
    "failed_samples": 0,
    "samples": [
      {
        "audio_file": "3a0cb41b-31c1-4a11-bc9f-5b6836cf4c50.flac",
        "dialect": "BE",
        "reference": "Den Weg dazu sieht er im Dialog über die Glaubensinhalte.",
        "hypothesis": " Und den Weg dazu sieht er im Dialog über Glaubensinhalt.",
        "wer": 30.0,
        "cer": 15.789473684210526,
        "bleu": 69.89307622784945
      },
      {
        "audio_file": "d5c16201-7d8a-4a42-97f0-8ff2981007b3.flac",
        "dialect": "ZH",
        "reference": "Hier debütierte er in der Ekstraklasa.",
        "hypothesis": " Da debütiert er in der Extraklasse.",
        "wer": 50.0,
        "cer": 23.684210526315788,
        "bleu": 26.269098944241588
      },
      {
        "audio_file": "08e6c960-942b-4294-9655-bd5142cfaf45.flac",
        "dialect": "BE",
        "reference": "Ebenfalls wird der Quellcode zur Anpassung an andere Computersysteme bereitgestellt.",
        "hypothesis": " Ebenfalls wird der Quellcode zur Anpassung an andere Computersysteme bereitgestellt.",
        "wer": 0.0,
        "cer": 0.0,
        "bleu": 100.00000000000004
      },
      {
        "audio_file": "f28b4689-83ab-4816-90de-0b4fe24a7edb.flac",
        "dialect": "ZG",
        "reference": "Fritz Holthoff ist der Großvater des zeitgenössischen deutschen Malers Jan Holthoff.",
        "hypothesis": " Fritz Holdhoff ist der Grossvater des zeitgenössischen deutschen Malers Jan Holdhoff.",
        "wer": 27.27272727272727,
        "cer": 4.761904761904762,
        "bleu": 38.827267775222325
      },
      {
        "audio_file": "9726619a-c734-4ca7-929f-e3f4c9300dd6.flac",
        "dialect": "AG",
        "reference": "Asylbewerber sind keine Kriminellen.",
        "hypothesis": " Asylbewerber sind keine Kriminellen.",
        "wer": 0.0,
        "cer": 0.0,
        "bleu": 100.00000000000004
      }
    ]
  }
}