{
  "timestamp": "20251113_115514",
  "model_name": "wav2vec2-xlsr-multi",
  "results": {
    "overall_wer": 80.15734265734264,
    "overall_cer": 28.823529411764703,
    "overall_bleu": 6.417877424728189,
    "per_dialect_wer": {
      "BE": 87.5,
      "ZH": 66.66666666666666,
      "ZG": 72.72727272727273,
      "AG": 125.0,
      "SG": 66.66666666666666,
      "TG": 53.84615384615385
    },
    "per_dialect_cer": {
      "BE": 35.153583617747444,
      "ZH": 28.749999999999996,
      "ZG": 21.428571428571427,
      "AG": 44.44444444444444,
      "SG": 21.0,
      "TG": 17.24137931034483
    },
    "per_dialect_bleu": {
      "BE": 4.683713435185805,
      "ZH": 8.342949451399102,
      "ZG": 7.413670083653376,
      "AG": 0.0,
      "SG": 9.669265690880861,
      "TG": 11.675085829206237
    },
    "total_samples": 10,
    "failed_samples": 0
  }
}