{
  "timestamp": "20251111_222631",
  "model_name": "whisper-large-v3-turbo",
  "results": {
    "overall_wer": 21.986013986013983,
    "overall_cer": 6.911764705882353,
    "overall_bleu": 60.23547923777064,
    "per_dialect_wer": {
      "BE": 15.833333333333332,
      "ZH": 33.33333333333333,
      "ZG": 9.090909090909092,
      "AG": 25.0,
      "SG": 25.0,
      "TG": 30.76923076923077
    },
    "per_dialect_cer": {
      "BE": 5.1194539249146755,
      "ZH": 17.5,
      "ZG": 2.380952380952381,
      "AG": 2.7777777777777777,
      "SG": 9.0,
      "TG": 6.896551724137931
    },
    "per_dialect_bleu": {
      "BE": 78.84387967436342,
      "ZH": 35.62413876730852,
      "ZG": 73.48889200874659,
      "AG": 42.72870063962342,
      "SG": 53.44445934790542,
      "TG": 46.06894414936015
    },
    "total_samples": 10,
    "failed_samples": 0
  }
}