{
  "wav2vec2-1b-german-cv11": {
    "wer_mean": 72.42381090005655,
    "cer_mean": 29.425031340102446,
    "sub_rate": 54.462884054720796,
    "del_rate": 9.733124018838305,
    "ins_rate": 4.5862300964341784
  },
  "wav2vec2-german-with-lm": {
    "wer_mean": 75.28151454570921,
    "cer_mean": 31.907427163984092,
    "sub_rate": 55.179565549612484,
    "del_rate": 6.898810173561838,
    "ins_rate": 7.1171269512062
  },
  "whisper-large-v3-turbo": {
    "wer_mean": 30.94447557077916,
    "cer_mean": 14.15363295626278,
    "sub_rate": 21.221900734475852,
    "del_rate": 2.270198085911418,
    "ins_rate": 5.308257289116403
  },
  "whisper-large-v3": {
    "wer_mean": 29.529397472618793,
    "cer_mean": 13.698717618623728,
    "sub_rate": 19.92196209587514,
    "del_rate": 2.118171683389075,
    "ins_rate": 5.139353400222965
  },
  "whisper-large-v2": {
    "wer_mean": 28.00487654485337,
    "cer_mean": 12.614807456963463,
    "sub_rate": 18.976545842217483,
    "del_rate": 2.4351924587588374,
    "ins_rate": 4.511278195488721
  },
  "whisper-medium": {
    "wer_mean": 34.10878840484866,
    "cer_mean": 15.996185533766699,
    "sub_rate": 22.904290429042902,
    "del_rate": 2.233223322332233,
    "ins_rate": 6.391639163916392
  }
}