{
  "timestamp": "20251105_100316",
  "model_name": "wav2vec2-base",
  "results": {
    "overall_wer": 108.34993894993897,
    "overall_cer": 394.7180585296217,
    "overall_bleu": 0.0020958812494678456,
    "per_dialect_wer": {
      "BE": 101.71428571428572,
      "ZH": 116.66666666666667,
      "ZG": 100.0,
      "AG": 115.51282051282051,
      "SG": 100.0,
      "TG": 120.83333333333333,
      "GL": 100.0,
      "LU": 133.5185185185185,
      "SO": 100.0,
      "BL": 100.0,
      "NW": 100.0,
      "VS": 100.0,
      "GR": 100.0,
      "UR": 100.0
    },
    "per_dialect_cer": {
      "BE": 322.01382033563675,
      "ZH": 413.448275862069,
      "ZG": 397.03504043126685,
      "AG": 453.9365452408931,
      "SG": 369.9430199430199,
      "TG": 477.7188328912467,
      "GL": 497.7011494252873,
      "LU": 465.60364464692486,
      "SO": 398.2832618025751,
      "BL": 360.7204116638079,
      "NW": 505.7471264367816,
      "VS": 689.4308943089432,
      "GR": 531.404958677686,
      "UR": 263.7037037037037
    },
    "per_dialect_bleu": {
      "BE": 0.008277208479783835,
      "ZH": 0.0,
      "ZG": 0.0,
      "AG": 0.012219088620081685,
      "SG": 0.0,
      "TG": 0.0,
      "GL": 0.0,
      "LU": 0.0,
      "SO": 0.0,
      "BL": 0.0,
      "NW": 0.0,
      "VS": 0.0,
      "GR": 0.0,
      "UR": 0.0
    },
    "total_samples": 100,
    "failed_samples": 0
  }
}